2020-04-15 20:01:59,182: custodian.cache:DEBUG Disabling cache
2020-04-15 20:01:59,183: custodian.commands:DEBUG Loaded file /home/custodian/ebs-snap-policy.yml. Contains 1 policies
2020-04-15 20:01:59,198: custodian.aws:DEBUG using default region:us-west-1 from boto
2020-04-15 20:01:59,546: custodian.reports:DEBUG Found 1083 records for region us-west-1
2020-04-15 20:01:59,547: custodian.reports:DEBUG Uniqued from 1083 to 1083
SnapshotId,VolumeId,tag:InstanceId,VolumeSize,StartTime,State
snap-0578798d6bd184504,vol-0c6e40578f7933657,,250,2019-12-07T05:03:54+00:00,completed
snap-00a68a4a919803e3c,vol-02e9a679dbffd8489,,100,2019-12-07T05:03:54+00:00,completed
snap-0030dd6e28387925e,vol-02e9a679dbffd8489,,100,2019-12-07T05:07:22+00:00,completed
snap-001063586b6e70fa1,vol-0c6e40578f7933657,,250,2019-12-07T05:06:48+00:00,completed
snap-0f50e4cf0b883bd6c,vol-0088665649d8db10f,,20,2019-12-07T05:03:54+00:00,completed
snap-00d43be35a28ef3c2,vol-06f422c09b2e5a5f1,,20,2019-09-30T12:08:48+00:00,completed
snap-087b7bdc2ec87c064,vol-0dbd30360e3c99a00,,150,2019-09-30T12:08:48+00:00,completed
snap-0f425cada255a3605,vol-0c7bf0f4e2f6863bb,,40,2019-09-26T06:59:58+00:00,completed
snap-0ac07bf42031fec72,vol-0c6e40578f7933657,,250,2019-09-21T05:08:19+00:00,completed
snap-010e9d01f5d006811,vol-02e9a679dbffd8489,,100,2019-09-21T05:08:45+00:00,completed
snap-02a9f0a186013c532,vol-02e9a679dbffd8489,,100,2019-09-21T02:50:05+00:00,completed
snap-0a7775fe21cf2616b,vol-0c6e40578f7933657,,250,2019-09-21T02:47:40+00:00,completed
snap-034ca04100554ecf2,vol-0c7bf0f4e2f6863bb,,40,2019-08-24T04:41:01+00:00,completed
snap-00dbee9a27fcc968b,vol-0c7bf0f4e2f6863bb,,40,2019-08-12T05:46:07+00:00,completed
snap-00eafe8243be75dfc,vol-0c7bf0f4e2f6863bb,,40,2019-07-26T05:56:47+00:00,completed
snap-06a354fe4734a6673,vol-0c6e40578f7933657,,250,2019-07-13T07:05:06+00:00,completed
snap-098820e789a1b0a6e,vol-02e9a679dbffd8489,,100,2019-07-13T07:05:06+00:00,completed
snap-02d257f193fb3cc0a,vol-0088665649d8db10f,,20,2019-07-13T07:05:06+00:00,completed
snap-0d83ca433773e4348,vol-070e83d1fd767bfb8,,20,2019-07-13T04:56:24+00:00,completed
snap-0cedec8210a89b586,vol-01bf4351fbc0ea942,,250,2019-07-13T04:56:24+00:00,completed
snap-0adb383978b88f450,vol-0c7bf0f4e2f6863bb,,40,2019-07-12T05:47:50+00:00,completed
snap-0c44a4d4a9d1e4327,vol-0088665649d8db10f,,20,2019-07-10T14:59:39+00:00,completed
snap-0a7e8206dee331954,vol-0700b744f48beddeb,,85,2019-07-05T06:56:36+00:00,completed
snap-0495bf7036abc5243,vol-0c7bf0f4e2f6863bb,,40,2019-07-02T05:59:30+00:00,completed
snap-0612b68105013c8c3,vol-0c6e40578f7933657,,250,2019-06-17T05:48:44+00:00,completed
snap-098e6301387800907,vol-02e9a679dbffd8489,,100,2019-06-17T05:49:21+00:00,completed
snap-0870cbe0aee7e69a8,vol-0c7bf0f4e2f6863bb,,40,2019-06-14T06:00:06+00:00,completed
snap-050fc9d20ce795492,vol-0c7bf0f4e2f6863bb,,40,2019-05-29T05:48:00+00:00,completed
snap-048ba93c191c780a9,vol-0c7bf0f4e2f6863bb,,40,2019-05-27T06:11:32+00:00,completed
snap-04c409abe636891e0,vol-00d6a9148a45e8974,,20,2019-05-07T13:20:27+00:00,completed
snap-00a92dacc766dcd10,vol-0c6e40578f7933657,,250,2019-05-02T10:03:01+00:00,completed
snap-09e43edda02c50d96,vol-02e9a679dbffd8489,,100,2019-05-02T10:05:11+00:00,completed
snap-07fadd63dfb725f3a,vol-0c7bf0f4e2f6863bb,,40,2019-05-02T06:00:08+00:00,completed
snap-024d27f61147f60e6,vol-0c7bf0f4e2f6863bb,,40,2019-04-24T06:20:49+00:00,completed
snap-089aa1b45cee66836,vol-070e83d1fd767bfb8,,20,2019-04-18T10:19:36+00:00,completed
snap-0d1ee7ac04c3c7a66,vol-01bf4351fbc0ea942,,250,2019-04-18T10:11:38+00:00,completed
snap-09c69b6d585cb5df9,vol-01bf4351fbc0ea942,,250,2019-04-18T10:19:36+00:00,completed
snap-082c66b8039f898b0,vol-02e9a679dbffd8489,,100,2019-04-18T08:22:44+00:00,completed
snap-09c8ad45a6b17a2b5,vol-0c6e40578f7933657,,250,2019-04-18T08:21:22+00:00,completed
snap-0c2d70059ecb696de,vol-02e9a679dbffd8489,,100,2019-04-17T06:32:22+00:00,completed
snap-05afb457f30da2286,vol-0c6e40578f7933657,,250,2019-04-17T06:31:29+00:00,completed
snap-0f9767da2c0550427,vol-070e83d1fd767bfb8,,20,2019-04-16T06:56:27+00:00,completed
snap-04d6594b02049e0aa,vol-01bf4351fbc0ea942,,250,2019-04-16T06:56:27+00:00,completed
snap-0642dfc04b59aac9a,vol-01bf4351fbc0ea942,,250,2019-04-16T06:51:58+00:00,completed
snap-0fbd6793275728df6,vol-02e9a679dbffd8489,,100,2019-04-16T05:20:48+00:00,completed
snap-051341ae1cfb523f7,vol-0c6e40578f7933657,,250,2019-04-16T05:20:48+00:00,completed
snap-03495c71ebbf4c025,vol-0088665649d8db10f,,20,2019-04-16T05:20:48+00:00,completed
snap-0fcf213e4dd465c22,vol-0c6e40578f7933657,,250,2019-04-16T04:10:38+00:00,completed
snap-093121c052a18baf0,vol-02e9a679dbffd8489,,100,2019-04-16T04:12:32+00:00,completed
snap-099e3f4f73361eb16,vol-0088665649d8db10f,,20,2019-04-15T18:19:07+00:00,completed
snap-016edf4510ffbb75b,vol-070e83d1fd767bfb8,,20,2019-04-13T04:36:47+00:00,completed
snap-0afd8627fe933cc9f,vol-01bf4351fbc0ea942,,250,2019-04-13T04:36:47+00:00,completed
snap-0b439ecfe8eae5ce6,vol-01bf4351fbc0ea942,,250,2019-04-13T04:33:07+00:00,completed
snap-0101237dc67aa9a09,vol-0c7bf0f4e2f6863bb,,40,2019-04-10T05:50:13+00:00,completed
snap-0d20a35f0470afbc6,vol-01bf4351fbc0ea942,,250,2019-04-03T05:59:44+00:00,completed
snap-042f6cb26de214c07,vol-0740c7f6c7b76a002,,8,2019-03-28T15:02:03+00:00,completed
snap-09ba00d1ce1cc45a5,vol-02e9a679dbffd8489,,100,2019-03-25T12:07:08+00:00,completed
snap-0946dba5c3f5d8695,vol-0c6e40578f7933657,,250,2019-03-25T12:10:14+00:00,completed
snap-04e23e51c5196358a,vol-0c7bf0f4e2f6863bb,,40,2019-03-21T05:41:47+00:00,completed
snap-014bbdca40d888941,vol-0597eb8f34d135ecd,,20,2018-01-31T05:32:45+00:00,completed
snap-0d338045f64ad169a,vol-0c7bf0f4e2f6863bb,,40,2019-03-09T05:56:08+00:00,completed
snap-00f3a18e028ff3ee3,vol-0c7bf0f4e2f6863bb,,40,2019-03-04T06:01:05+00:00,completed
snap-01ad95096e28af1d2,vol-06f973a2d0946145b,,40,2019-03-04T04:25:19+00:00,completed
snap-04d3bef3534c86e4e,vol-06f973a2d0946145b,,40,2019-03-03T06:19:41+00:00,completed
snap-0ec0e14b61fc88bd3,vol-04e140a4fc9c6ca0d,,70,2019-03-03T06:19:41+00:00,completed
snap-002834752f5352672,vol-06f973a2d0946145b,,40,2019-02-27T22:27:49+00:00,completed
snap-022e882b1be52bff9,vol-04e140a4fc9c6ca0d,,70,2019-02-27T22:27:49+00:00,completed
snap-0b241b8b86b027205,vol-0c7bf0f4e2f6863bb,,40,2019-02-15T05:19:51+00:00,completed
snap-0af7b7ce8b22e57b0,vol-0c7bf0f4e2f6863bb,,40,2019-02-08T05:26:05+00:00,completed
snap-03e9a9cb5279be1a2,vol-01bf4351fbc0ea942,,250,2019-02-02T05:01:22+00:00,completed
snap-0417d8dfd9a808ba9,vol-0088665649d8db10f,,20,2019-02-02T04:53:24+00:00,completed
snap-040f021e108a75ae5,vol-02e9a679dbffd8489,,100,2019-02-02T04:53:25+00:00,completed
snap-08e4aa15abf441c10,vol-070e83d1fd767bfb8,,20,2019-02-02T05:01:21+00:00,completed
snap-0d58c3c3eaa8efdc4,vol-0c6e40578f7933657,,250,2019-02-02T04:53:25+00:00,completed
snap-0c7b5e3a76714fb39,vol-03dc1b5440e529777,,20,2019-01-07T13:20:35+00:00,completed
snap-0d7e5941b331d4e9a,vol-04e5c2fa3acb63eec,,100,2019-01-07T13:20:26+00:00,completed
snap-0fcda4f8a7eaa0547,vol-08cdcb254d211636c,,20,2019-01-05T02:13:56+00:00,completed
snap-03989499842cd5b29,vol-0ce9c270386843a8b,,20,2019-01-05T02:09:02+00:00,completed
snap-0e826cdbbd9db40cd,vol-06f973a2d0946145b,,40,2019-01-04T13:20:34+00:00,completed
snap-051dc305a80cfea8e,vol-0597eb8f34d135ecd,,20,2019-01-02T13:20:26+00:00,completed
snap-075fa046c8a83ae2a,vol-02e9a679dbffd8489,,100,2019-01-02T13:20:31+00:00,completed
snap-0da8725bade6b8988,vol-0740c7f6c7b76a002,,8,2019-01-02T13:20:35+00:00,completed
snap-06d461730eb091b8e,vol-065a6906a5a20ed58,,16,2019-01-02T13:20:30+00:00,completed
snap-07edbfa80fbd618c1,vol-02aaf5b8edd0e346a,,8,2019-01-02T13:20:25+00:00,completed
snap-06c583c71fa0e619c,vol-09ac8632c9de5e08b,,20,2019-01-02T13:20:36+00:00,completed
snap-08c5600a8946fd336,vol-072aa8d9691c9ff09,,60,2019-01-02T13:20:24+00:00,completed
snap-0a2a4d7eededea223,vol-065a6906a5a20ed58,,16,2018-12-31T13:20:28+00:00,completed
snap-0ab1d2b06ff2843b6,vol-04e140a4fc9c6ca0d,,70,2018-12-31T13:20:33+00:00,completed
snap-0043ff3d64bc13646,vol-04e140a4fc9c6ca0d,,70,2018-12-26T13:20:34+00:00,completed
snap-003b1b2a3be9f28ca,vol-0740c7f6c7b76a002,,8,2018-12-26T13:20:35+00:00,completed
snap-0395672ce3efaa027,vol-06f422c09b2e5a5f1,,20,2018-12-22T13:20:27+00:00,completed
snap-0a595b29392d878ac,vol-072aa8d9691c9ff09,,60,2018-12-22T13:20:24+00:00,completed
snap-0dd42a04150850280,vol-04e140a4fc9c6ca0d,,70,2018-12-22T13:20:34+00:00,completed
snap-0bbb77e7580280b6c,vol-03795b372a4b5ebf2,,50,2018-12-22T13:20:28+00:00,completed
snap-097fc082a311abc27,vol-0700b744f48beddeb,,85,2018-12-22T13:20:29+00:00,completed
snap-0001f5ef8fddda9cc,vol-070e83d1fd767bfb8,,20,2018-12-21T13:20:33+00:00,completed
snap-025277434abd6cdf2,vol-02aaf5b8edd0e346a,,8,2018-12-20T13:20:25+00:00,completed
snap-00950bc6321ba959c,vol-0740c7f6c7b76a002,,8,2018-12-20T13:20:34+00:00,completed
snap-06e23b9120751fdaf,vol-0aff95d65f295bb17,,16,2018-12-20T13:20:27+00:00,completed
snap-04dc52f036eea23b3,vol-0597eb8f34d135ecd,,20,2018-12-19T13:20:26+00:00,completed
snap-0257dc77bba868ebd,vol-01bf4351fbc0ea942,,250,2018-12-19T13:20:34+00:00,completed
snap-085f527e5bf8263be,vol-02e9a679dbffd8489,,100,2018-12-19T13:20:31+00:00,completed
snap-0f1a1702561e5a8e2,vol-0d22e9b22ea872b5c,,200,2018-12-19T13:20:32+00:00,completed
snap-0e7358e220726fe99,vol-06f973a2d0946145b,,40,2018-12-19T13:20:34+00:00,completed
snap-0623e24909868d570,vol-0e3e24a28c4767e5e,,40,2018-12-19T13:20:31+00:00,completed
snap-0545e1e314ca33b3b,vol-04e140a4fc9c6ca0d,,70,2018-12-18T13:20:35+00:00,completed
snap-06360c74f8e9239aa,vol-0597eb8f34d135ecd,,20,2018-12-12T13:20:26+00:00,completed
snap-096d0bc8ee4206afb,vol-0e3e24a28c4767e5e,,40,2018-12-12T13:20:31+00:00,completed
snap-0e4814d08f8c3e2e5,vol-03795b372a4b5ebf2,,50,2018-12-12T13:20:29+00:00,completed
snap-0f646ccaaea528598,vol-0aff95d65f295bb17,,16,2018-12-12T13:20:28+00:00,completed
snap-008d4613f599a4853,vol-0d22e9b22ea872b5c,,60,2018-12-12T13:20:32+00:00,completed
snap-05b4bb0aa5327f6d3,vol-02aaf5b8edd0e346a,,8,2018-12-12T13:20:26+00:00,completed
snap-0ceacb8845ab32ada,vol-065a6906a5a20ed58,,16,2018-12-12T13:20:30+00:00,completed
snap-0eca70ce547a37271,vol-06f973a2d0946145b,,40,2018-12-12T13:20:35+00:00,completed
snap-00809abd35e561cbc,vol-01bf4351fbc0ea942,,250,2018-12-12T13:20:34+00:00,completed
snap-07d4bd54cb43f1f1a,vol-0c6e40578f7933657,,250,2018-12-08T13:20:30+00:00,completed
snap-0880704cf85bb7978,vol-06f973a2d0946145b,,40,2018-12-08T13:20:35+00:00,completed
snap-0ad108d91bc6486c5,vol-0e3e24a28c4767e5e,,40,2018-12-08T13:20:31+00:00,completed
snap-0af6d01a5aa9d549d,vol-0aff95d65f295bb17,,16,2018-12-08T13:20:28+00:00,completed
snap-06446429d6c2a24dd,vol-0740c7f6c7b76a002,,8,2018-12-08T13:20:35+00:00,completed
snap-033b3aedb87ef8cb2,vol-0088665649d8db10f,,20,2018-12-06T13:20:30+00:00,completed
snap-022c6226c81875624,vol-0aff95d65f295bb17,,16,2018-12-06T13:20:29+00:00,completed
snap-097dc0958d49ab0ba,vol-065a6906a5a20ed58,,16,2018-12-04T13:20:29+00:00,completed
snap-0bf4950bfff484daa,vol-0ef1b424761f815f9,,100,2018-12-04T13:20:31+00:00,completed
snap-09dcdecfe059b23f2,vol-0c7bf0f4e2f6863bb,,40,2018-12-04T13:20:33+00:00,completed
snap-0ad4fc804a961d4d2,vol-072aa8d9691c9ff09,,60,2018-12-03T11:12:26+00:00,completed
snap-0fbeebd69c1d45f56,vol-01bf4351fbc0ea942,,250,2018-12-03T06:19:16+00:00,completed
snap-0c495e1a47a11e7fe,vol-0e3e24a28c4767e5e,,40,2018-12-02T17:14:54+00:00,completed
snap-0baa19f19ca1dee5e,vol-01bf4351fbc0ea942,,250,2018-12-02T06:19:15+00:00,completed
snap-055463c3d47be49e6,vol-01bf4351fbc0ea942,,250,2018-12-01T06:19:15+00:00,completed
snap-019d3e3579de119c2,vol-0496e868ea50b1485,,150,2018-11-30T06:26:48+00:00,completed
snap-0c59beab3f87194b7,vol-01bf4351fbc0ea942,,250,2018-11-30T06:19:16+00:00,completed
snap-0f0fe10125c34e3d5,vol-0e3e24a28c4767e5e,,40,2018-11-29T10:11:33+00:00,completed
snap-02f0005a7a4d8fb00,vol-01bf4351fbc0ea942,,250,2018-11-29T06:19:16+00:00,completed
snap-08423fc9c57e67b47,vol-01bf4351fbc0ea942,,250,2018-11-28T06:19:16+00:00,completed
snap-00e1362b0f483b107,vol-01bf4351fbc0ea942,,250,2018-11-27T06:19:16+00:00,completed
snap-0bf56bd4641636206,vol-01bf4351fbc0ea942,,250,2018-11-26T06:19:15+00:00,completed
snap-001167d7e0ffc1dd4,vol-01bf4351fbc0ea942,,250,2018-11-25T06:19:16+00:00,completed
snap-0d144eccc076f4680,vol-01bf4351fbc0ea942,,250,2018-11-24T06:19:16+00:00,completed
snap-0c3e43e6d441f8caf,vol-01bf4351fbc0ea942,,250,2018-11-23T06:19:16+00:00,completed
snap-0e6cce2c4e60027fa,vol-01bf4351fbc0ea942,,250,2018-11-22T06:19:16+00:00,completed
snap-0000a6c1aebb2e1a6,vol-01bf4351fbc0ea942,,250,2018-11-21T06:19:15+00:00,completed
snap-0135f4aa09b53d12c,vol-01bf4351fbc0ea942,,250,2018-11-20T06:19:16+00:00,completed
snap-0b9fef7479f02e9f8,vol-01bf4351fbc0ea942,,250,2018-11-19T06:19:16+00:00,completed
snap-03a43d148ceaa8cd2,vol-01bf4351fbc0ea942,,250,2018-11-18T06:19:16+00:00,completed
snap-0f4662705f1358a68,vol-01bf4351fbc0ea942,,250,2018-11-17T06:19:16+00:00,completed
snap-0a70082e395b604c7,vol-01bf4351fbc0ea942,,250,2018-11-16T06:19:16+00:00,completed
snap-06252957bd619b84b,vol-01bf4351fbc0ea942,,250,2018-11-15T06:19:15+00:00,completed
snap-005bac4f133ffc7a3,vol-01bf4351fbc0ea942,,250,2018-11-14T06:19:16+00:00,completed
snap-01b7efe4f471a7c04,vol-01bf4351fbc0ea942,,250,2018-11-13T06:19:16+00:00,completed
snap-0f66c555068914855,vol-06f973a2d0946145b,,40,2018-11-13T04:11:48+00:00,completed
snap-07fff9f5ee524ddee,vol-01bf4351fbc0ea942,,250,2018-11-12T06:19:16+00:00,completed
snap-02b665a88f00ab938,vol-06f973a2d0946145b,,40,2018-11-12T04:11:48+00:00,completed
snap-0a8226e4c6f6bb9bb,vol-03dc1b5440e529777,,20,2018-11-11T13:20:31+00:00,completed
snap-02a82e1aa8184f833,vol-096fe4923ee509e29,,50,2018-11-11T13:20:26+00:00,completed
snap-002c74654f0074461,vol-06f973a2d0946145b,,40,2018-11-11T13:20:29+00:00,completed
snap-08a282c48b0d05fa3,vol-04e140a4fc9c6ca0d,,70,2018-11-11T13:20:29+00:00,completed
snap-0079d1edf3a98e0e3,vol-02e9a679dbffd8489,,100,2018-11-11T13:20:31+00:00,completed
snap-00276afde644259cc,vol-0088665649d8db10f,,20,2018-11-11T13:20:30+00:00,completed
snap-0efaac93947cddba8,vol-0597eb8f34d135ecd,,20,2018-11-11T13:20:26+00:00,completed
snap-0fb9b370f0b9ca218,vol-01bf4351fbc0ea942,,250,2018-11-11T13:20:29+00:00,completed
snap-072a856bfb167797e,vol-0740c7f6c7b76a002,,8,2018-11-11T13:20:30+00:00,completed
snap-0746614078168e0e0,vol-00d6a9148a45e8974,,20,2018-11-11T13:20:27+00:00,completed
snap-02ce113773d4f57ee,vol-02aaf5b8edd0e346a,,8,2018-11-11T13:20:26+00:00,completed
snap-09138cdfa68f2712b,vol-0c6e40578f7933657,,250,2018-11-11T13:20:31+00:00,completed
snap-002425e81c9c023a6,vol-070e83d1fd767bfb8,,20,2018-11-11T13:20:28+00:00,completed
snap-0b959083d3e8bd40a,vol-01bf4351fbc0ea942,,250,2018-11-11T06:19:16+00:00,completed
snap-0abcac5a4f62b6021,vol-06f973a2d0946145b,,40,2018-11-11T04:11:48+00:00,completed
snap-06e810202f66d90d0,vol-01bf4351fbc0ea942,,250,2018-11-10T06:19:15+00:00,completed
snap-0b37e11417e2ba017,vol-0b615dd3ae8169944,,150,2018-11-10T04:06:10+00:00,completed
snap-0c42526f29a532784,vol-08f910b03caeec091,,20,2018-11-10T04:07:14+00:00,completed
snap-0a37d9436272ef8ec,vol-06f973a2d0946145b,,40,2018-11-10T04:11:48+00:00,completed
snap-0e9934807c755cc84,vol-0e975bbe4ca2b0e2a,,20,2018-11-10T04:06:10+00:00,completed
snap-04f3d050a2e8e71c5,vol-01bf4351fbc0ea942,,250,2018-11-09T06:19:15+00:00,completed
snap-0c5b7e118dc73e33c,vol-06f973a2d0946145b,,40,2018-11-09T04:11:48+00:00,completed
snap-071d8806ae041c5c9,vol-01bf4351fbc0ea942,,250,2018-11-08T06:19:15+00:00,completed
snap-0c20d3d41bb36331f,vol-06f973a2d0946145b,,40,2018-11-08T04:11:48+00:00,completed
snap-0bc97a162bd7382fb,vol-01bf4351fbc0ea942,,250,2018-11-07T06:19:16+00:00,completed
snap-09316d29d74abfd8d,vol-06f973a2d0946145b,,40,2018-11-07T04:11:48+00:00,completed
snap-0f68295c44a42d69f,vol-01bf4351fbc0ea942,,250,2018-11-06T06:19:16+00:00,completed
snap-087e35d2b465fbe7f,vol-06f973a2d0946145b,,40,2018-11-06T04:11:48+00:00,completed
snap-00ad8c2e837dfbdca,vol-01bf4351fbc0ea942,,250,2018-11-05T06:19:16+00:00,completed
snap-0f810c157a24d76cd,vol-06f973a2d0946145b,,40,2018-11-05T04:11:48+00:00,completed
snap-0f4f3902e6c7f72c5,vol-01bf4351fbc0ea942,,250,2018-11-04T06:19:16+00:00,completed
snap-0a439f9c1e1782e5e,vol-06f973a2d0946145b,,40,2018-11-04T04:11:49+00:00,completed
snap-0c89d3920b73c01aa,vol-01bf4351fbc0ea942,,250,2018-11-03T06:19:16+00:00,completed
snap-0b64ae634b6c9ed11,vol-06f973a2d0946145b,,40,2018-11-03T04:11:49+00:00,completed
snap-0a3828f098a07b26d,vol-01bf4351fbc0ea942,,250,2018-11-02T06:19:15+00:00,completed
snap-087899f86b5131cca,vol-06f973a2d0946145b,,40,2018-11-02T04:11:48+00:00,completed
snap-045307117179ae8c0,vol-01bf4351fbc0ea942,,250,2018-11-01T06:19:15+00:00,completed
snap-030d5b17d099f0178,vol-06f973a2d0946145b,,40,2018-11-01T04:11:48+00:00,completed
snap-030ca6344ca4e8a40,vol-01bf4351fbc0ea942,,250,2018-10-31T06:19:16+00:00,completed
snap-09e0061811dd54402,vol-06f973a2d0946145b,,40,2018-10-31T04:11:48+00:00,completed
snap-0fc4836cf91e4a8f0,vol-0c7bf0f4e2f6863bb,,40,2018-10-30T21:35:29+00:00,completed
snap-0367a7dd85a7af940,vol-0088665649d8db10f,,20,2018-10-30T20:00:37+00:00,completed
snap-0aa59da4828ce8d59,vol-0c6e40578f7933657,,250,2018-10-30T20:00:37+00:00,completed
snap-004e0629921bd832c,vol-0b615dd3ae8169944,,150,2018-10-30T09:59:44+00:00,completed
snap-0369e6dad2a83d81a,vol-01bf4351fbc0ea942,,250,2018-10-30T06:19:16+00:00,completed
snap-0a2bc950b882905f8,vol-06f973a2d0946145b,,40,2018-10-30T04:11:49+00:00,completed
snap-0a85321dfed1ab8f7,vol-0c7bf0f4e2f6863bb,,40,2018-10-29T21:35:29+00:00,completed
snap-0a50665e5b046654a,vol-0c6e40578f7933657,,250,2018-10-29T20:00:37+00:00,completed
snap-09bd3a9a7e04d6545,vol-0088665649d8db10f,,20,2018-10-29T20:00:37+00:00,completed
snap-02a26139585e246db,vol-0b615dd3ae8169944,,150,2018-10-29T09:59:45+00:00,completed
snap-02faac7db33345fa9,vol-01bf4351fbc0ea942,,250,2018-10-29T06:19:16+00:00,completed
snap-0dd591da99644b94d,vol-06f973a2d0946145b,,40,2018-10-29T04:11:48+00:00,completed
snap-0ea4ae29555ded984,vol-0c7bf0f4e2f6863bb,,40,2018-10-28T21:35:28+00:00,completed
snap-054e8ed243330d987,vol-0c6e40578f7933657,,250,2018-10-28T20:00:37+00:00,completed
snap-0436bf1ebaf36f860,vol-0088665649d8db10f,,20,2018-10-28T20:00:37+00:00,completed
snap-037132aab441003a7,vol-0b615dd3ae8169944,,150,2018-10-28T09:59:44+00:00,completed
snap-0760f9f2da9e95877,vol-01bf4351fbc0ea942,,250,2018-10-28T06:19:16+00:00,completed
snap-0112145a05ce78487,vol-06f973a2d0946145b,,40,2018-10-28T04:11:48+00:00,completed
snap-05fffe9d4b6f2ec6c,vol-0c7bf0f4e2f6863bb,,40,2018-10-27T21:35:29+00:00,completed
snap-0c9802db19579d8f8,vol-0088665649d8db10f,,20,2018-10-27T20:00:36+00:00,completed
snap-0cc56aaed68b9aed5,vol-0c6e40578f7933657,,250,2018-10-27T20:00:36+00:00,completed
snap-026977ae76a515b7c,vol-00d6a9148a45e8974,,20,2018-10-27T17:46:35+00:00,completed
snap-0fd37c8d66f717d9d,vol-0b615dd3ae8169944,,150,2018-10-27T09:59:45+00:00,completed
snap-083b1b1756b3e678b,vol-01bf4351fbc0ea942,,250,2018-10-27T06:19:16+00:00,completed
snap-0f760d79caa349f54,vol-06f973a2d0946145b,,40,2018-10-27T04:11:49+00:00,completed
snap-02a3fdc22626182b1,vol-0c7bf0f4e2f6863bb,,40,2018-10-26T21:35:28+00:00,completed
snap-08ab776ef1686cb40,vol-0c6e40578f7933657,,250,2018-10-26T20:00:36+00:00,completed
snap-0d97583646786df8a,vol-0088665649d8db10f,,20,2018-10-26T20:00:36+00:00,completed
snap-04aabc3bcd9c7d3df,vol-0b615dd3ae8169944,,150,2018-10-26T09:59:44+00:00,completed
snap-003b531b2b2f8f961,vol-01bf4351fbc0ea942,,250,2018-10-26T06:19:15+00:00,completed
snap-0ae8eb7e5ef29c68c,vol-06f973a2d0946145b,,40,2018-10-26T04:11:48+00:00,completed
snap-02baa78e44aff07ab,vol-0c7bf0f4e2f6863bb,,40,2018-10-25T21:35:28+00:00,completed
snap-02c261b5e95dc456e,vol-0088665649d8db10f,,20,2018-10-25T20:00:37+00:00,completed
snap-0c1e57f52d9214623,vol-0c6e40578f7933657,,250,2018-10-25T20:00:37+00:00,completed
snap-0925fd9cf1259c6de,vol-0b615dd3ae8169944,,150,2018-10-25T09:59:45+00:00,completed
snap-0f77881626858e1b2,vol-01bf4351fbc0ea942,,250,2018-10-25T06:19:16+00:00,completed
snap-08decfa92b6d64f41,vol-06f973a2d0946145b,,40,2018-10-25T04:11:48+00:00,completed
snap-026727348652496d0,vol-0c7bf0f4e2f6863bb,,40,2018-10-24T21:35:28+00:00,completed
snap-0c429038eed847a00,vol-0088665649d8db10f,,20,2018-10-24T20:00:37+00:00,completed
snap-0743101c48f3b27a1,vol-0c6e40578f7933657,,250,2018-10-24T20:00:37+00:00,completed
snap-085b25cea9ffdd21e,vol-0b615dd3ae8169944,,150,2018-10-24T09:59:44+00:00,completed
snap-089b09129d626e89b,vol-01bf4351fbc0ea942,,250,2018-10-24T06:19:16+00:00,completed
snap-0773b4b2a7d2cdd56,vol-06f973a2d0946145b,,40,2018-10-24T04:11:48+00:00,completed
snap-0f69ed58c83d81e77,vol-0c7bf0f4e2f6863bb,,40,2018-10-23T21:35:29+00:00,completed
snap-0350bbc78e31df2be,vol-0c6e40578f7933657,,250,2018-10-23T20:00:36+00:00,completed
snap-0105e68daa2bed783,vol-0088665649d8db10f,,20,2018-10-23T20:00:36+00:00,completed
snap-02a848997a15d6a9a,vol-0b615dd3ae8169944,,150,2018-10-23T09:59:45+00:00,completed
snap-09f8ba9d3cd7a95ca,vol-01bf4351fbc0ea942,,250,2018-10-23T06:19:15+00:00,completed
snap-02f3cb6fcbe8018b0,vol-06f973a2d0946145b,,40,2018-10-23T04:11:48+00:00,completed
snap-009bfe3b20dda5800,vol-0c7bf0f4e2f6863bb,,40,2018-10-22T21:35:28+00:00,completed
snap-0624c44cf4b191944,vol-0088665649d8db10f,,20,2018-10-22T20:00:37+00:00,completed
snap-07129b1dd19436497,vol-0c6e40578f7933657,,250,2018-10-22T20:00:37+00:00,completed
snap-036e076045378d0c0,vol-0b615dd3ae8169944,,150,2018-10-22T09:59:45+00:00,completed
snap-0894207599e63ff05,vol-01bf4351fbc0ea942,,250,2018-10-22T06:19:16+00:00,completed
snap-093f6fd0738b4b3fe,vol-06f973a2d0946145b,,40,2018-10-22T04:11:48+00:00,completed
snap-08deb63fb867fd51f,vol-0c7bf0f4e2f6863bb,,40,2018-10-21T21:35:28+00:00,completed
snap-021ff6288d03780df,vol-0c6e40578f7933657,,250,2018-10-21T20:00:36+00:00,completed
snap-0a5f564286aea65e7,vol-0088665649d8db10f,,20,2018-10-21T20:00:36+00:00,completed
snap-0746694d17ecca395,vol-0b615dd3ae8169944,,150,2018-10-21T09:59:44+00:00,completed
snap-0ae4c1c471335b2d5,vol-01bf4351fbc0ea942,,250,2018-10-21T06:19:15+00:00,completed
snap-0f7f3377d9a8e74a9,vol-06f973a2d0946145b,,40,2018-10-21T04:11:48+00:00,completed
snap-00bf9331a4d705895,vol-0c7bf0f4e2f6863bb,,40,2018-10-20T21:35:28+00:00,completed
snap-08222b13d3db1a222,vol-0c6e40578f7933657,,250,2018-10-20T20:00:37+00:00,completed
snap-005569923767636cb,vol-0088665649d8db10f,,20,2018-10-20T20:00:37+00:00,completed
snap-06f63a1a961271123,vol-0b615dd3ae8169944,,150,2018-10-20T09:59:45+00:00,completed
snap-0995a5f391c6dbd2f,vol-01bf4351fbc0ea942,,250,2018-10-20T06:19:16+00:00,completed
snap-0aa3bc95fc5113628,vol-06f973a2d0946145b,,40,2018-10-20T04:11:49+00:00,completed
snap-0189697834f632deb,vol-0c7bf0f4e2f6863bb,,40,2018-10-19T21:35:29+00:00,completed
snap-040abfaa6e877b62b,vol-0c6e40578f7933657,,250,2018-10-19T20:00:37+00:00,completed
snap-0a5089cb153735c88,vol-0088665649d8db10f,,20,2018-10-19T20:00:37+00:00,completed
snap-0cb014ccb73d925b1,vol-0b615dd3ae8169944,,150,2018-10-19T09:59:44+00:00,completed
snap-0d13b17400e568e4d,vol-01bf4351fbc0ea942,,250,2018-10-19T06:19:16+00:00,completed
snap-0441fe8744c188824,vol-06f973a2d0946145b,,40,2018-10-19T04:11:48+00:00,completed
snap-0a4c5e0eee87b5618,vol-0c7bf0f4e2f6863bb,,40,2018-10-18T21:35:28+00:00,completed
snap-0adb9d9914b235a5f,vol-0c6e40578f7933657,,250,2018-10-18T20:00:37+00:00,completed
snap-00b2a2c2c1d7e4f66,vol-0088665649d8db10f,,20,2018-10-18T20:00:37+00:00,completed
snap-01ef557f147893fdb,vol-0b615dd3ae8169944,,150,2018-10-18T09:59:45+00:00,completed
snap-039be93c220a24532,vol-01bf4351fbc0ea942,,250,2018-10-18T06:19:15+00:00,completed
snap-04267a39d8b44b322,vol-06f973a2d0946145b,,40,2018-10-18T04:11:48+00:00,completed
snap-07f599cab94c1348c,vol-0c7bf0f4e2f6863bb,,40,2018-10-17T21:35:29+00:00,completed
snap-0cd6f3cc4d421e083,vol-0c6e40578f7933657,,250,2018-10-17T20:00:38+00:00,completed
snap-04f5e8b641c2deafa,vol-0088665649d8db10f,,20,2018-10-17T20:00:38+00:00,completed
snap-062e9d3cadebd2c3e,vol-0b615dd3ae8169944,,150,2018-10-17T09:59:45+00:00,completed
snap-09c3819fe49f7a77d,vol-01bf4351fbc0ea942,,250,2018-10-17T06:19:16+00:00,completed
snap-0e513923bd2bb5496,vol-06f973a2d0946145b,,40,2018-10-17T04:11:48+00:00,completed
snap-0c715371fa3fac9e2,vol-0c7bf0f4e2f6863bb,,40,2018-10-16T21:35:28+00:00,completed
snap-0282f93f06f42e6e4,vol-0088665649d8db10f,,20,2018-10-16T20:00:36+00:00,completed
snap-0a3c92e9b20891409,vol-0c6e40578f7933657,,250,2018-10-16T20:00:36+00:00,completed
snap-0e2bca4e915a45691,vol-0b615dd3ae8169944,,150,2018-10-16T09:59:44+00:00,completed
snap-0036e2ede24cac146,vol-01bf4351fbc0ea942,,250,2018-10-16T06:19:15+00:00,completed
snap-06ae136c82dc5d2aa,vol-06f973a2d0946145b,,40,2018-10-16T04:11:48+00:00,completed
snap-0f282848e01da70ab,vol-0c7bf0f4e2f6863bb,,40,2018-10-15T21:35:29+00:00,completed
snap-00dad3d9d9ea8c15d,vol-0088665649d8db10f,,20,2018-10-15T20:00:36+00:00,completed
snap-0b16f3448559dca60,vol-0c6e40578f7933657,,250,2018-10-15T20:00:36+00:00,completed
snap-0cb83043f7f9ac33e,vol-0b615dd3ae8169944,,150,2018-10-15T09:59:45+00:00,completed
snap-02406c03e3a9cc8b3,vol-01bf4351fbc0ea942,,250,2018-10-15T06:19:16+00:00,completed
snap-0758f5fe31080be68,vol-06f973a2d0946145b,,40,2018-10-15T04:11:49+00:00,completed
snap-05f5294aa6a9fd533,vol-0c7bf0f4e2f6863bb,,40,2018-10-14T21:35:28+00:00,completed
snap-0b3215d4828806f0a,vol-0c6e40578f7933657,,250,2018-10-14T20:00:36+00:00,completed
snap-05147f853357043b4,vol-0088665649d8db10f,,20,2018-10-14T20:00:36+00:00,completed
snap-08a2a5d62c14074bc,vol-0b615dd3ae8169944,,150,2018-10-14T09:59:44+00:00,completed
snap-04de864b651790dcb,vol-01bf4351fbc0ea942,,250,2018-10-14T06:19:16+00:00,completed
snap-044260e2d8bed9a26,vol-06f973a2d0946145b,,40,2018-10-14T04:11:48+00:00,completed
snap-020d944b145605cde,vol-0c7bf0f4e2f6863bb,,40,2018-10-13T21:35:28+00:00,completed
snap-0f6711df32f51c39a,vol-0c6e40578f7933657,,250,2018-10-13T20:00:36+00:00,completed
snap-0d3b36b1a04cd927e,vol-0088665649d8db10f,,20,2018-10-13T20:00:36+00:00,completed
snap-0cd84a71091c73597,vol-0b615dd3ae8169944,,150,2018-10-13T09:59:44+00:00,completed
snap-0ef373a728541cdc7,vol-01bf4351fbc0ea942,,250,2018-10-13T06:19:16+00:00,completed
snap-09ab7a87c69b2bc8b,vol-06f973a2d0946145b,,40,2018-10-13T04:11:48+00:00,completed
snap-00903181fa724ea99,vol-0c7bf0f4e2f6863bb,,40,2018-10-12T21:35:28+00:00,completed
snap-0a3f4593bf9e0b299,vol-0088665649d8db10f,,20,2018-10-12T20:00:37+00:00,completed
snap-0dc166bc1159c102f,vol-0c6e40578f7933657,,250,2018-10-12T20:00:37+00:00,completed
snap-028843e6df38e36a7,vol-0b615dd3ae8169944,,150,2018-10-12T09:59:45+00:00,completed
snap-00ad4e2d8df2d2430,vol-01bf4351fbc0ea942,,250,2018-10-12T06:19:15+00:00,completed
snap-0de74dee2f0971c12,vol-06f973a2d0946145b,,40,2018-10-12T04:11:48+00:00,completed
snap-007a659e0c2e2daba,vol-0c7bf0f4e2f6863bb,,40,2018-10-11T21:35:29+00:00,completed
snap-0770e0b2cd8cc78df,vol-0088665649d8db10f,,20,2018-10-11T20:00:37+00:00,completed
snap-0012506cf9eb7db27,vol-0c6e40578f7933657,,250,2018-10-11T20:00:37+00:00,completed
snap-0990162341e72f040,vol-0b615dd3ae8169944,,150,2018-10-11T09:59:44+00:00,completed
snap-0bcfab276646ba635,vol-01bf4351fbc0ea942,,250,2018-10-11T06:19:16+00:00,completed
snap-091b4b2f19b850d6a,vol-06f973a2d0946145b,,40,2018-10-11T04:11:49+00:00,completed
snap-012c230b552c390b1,vol-0c7bf0f4e2f6863bb,,40,2018-10-10T21:35:28+00:00,completed
snap-008490330c2ee4fd9,vol-0c6e40578f7933657,,250,2018-10-10T20:00:37+00:00,completed
snap-007098996ae7858e3,vol-0088665649d8db10f,,20,2018-10-10T20:00:37+00:00,completed
snap-09a19a6c1d8372fc5,vol-0b615dd3ae8169944,,150,2018-10-10T09:59:45+00:00,completed
snap-0e6b96549af575e8e,vol-01bf4351fbc0ea942,,250,2018-10-10T06:19:15+00:00,completed
snap-04c51eb4f941342da,vol-06f973a2d0946145b,,40,2018-10-10T04:11:48+00:00,completed
snap-04eac333788078b4e,vol-0c7bf0f4e2f6863bb,,40,2018-10-09T21:35:28+00:00,completed
snap-07f4cfa323ce79d13,vol-0088665649d8db10f,,20,2018-10-09T20:00:36+00:00,completed
snap-0174f7c689d8f907b,vol-0c6e40578f7933657,,250,2018-10-09T20:00:36+00:00,completed
snap-052909564da28cc9d,vol-0b615dd3ae8169944,,150,2018-10-09T09:59:44+00:00,completed
snap-0166fb54782dc2c86,vol-01bf4351fbc0ea942,,250,2018-10-09T06:19:16+00:00,completed
snap-06ff18bfe666e8cb5,vol-06f973a2d0946145b,,40,2018-10-09T04:11:48+00:00,completed
snap-0e3df95525ddaba69,vol-0c7bf0f4e2f6863bb,,40,2018-10-08T21:35:28+00:00,completed
snap-0c77838489aa92cb0,vol-0c6e40578f7933657,,250,2018-10-08T20:00:36+00:00,completed
snap-0b41c920921657a4d,vol-0088665649d8db10f,,20,2018-10-08T20:00:36+00:00,completed
snap-009d23118dcb5318d,vol-0b615dd3ae8169944,,150,2018-10-08T09:59:44+00:00,completed
snap-0cff2d94959cadba3,vol-01bf4351fbc0ea942,,250,2018-10-08T06:19:15+00:00,completed
snap-063b9191316904dc8,vol-06f973a2d0946145b,,40,2018-10-08T04:11:49+00:00,completed
snap-01479371739d271b3,vol-0c7bf0f4e2f6863bb,,40,2018-10-07T21:35:28+00:00,completed
snap-0e96f982986c43ae0,vol-0c6e40578f7933657,,250,2018-10-07T20:00:37+00:00,completed
snap-0492b14714f03c39f,vol-0088665649d8db10f,,20,2018-10-07T20:00:37+00:00,completed
snap-0edf2b10e3fa92314,vol-0b615dd3ae8169944,,150,2018-10-07T09:59:44+00:00,completed
snap-043c40c254d8fcad5,vol-01bf4351fbc0ea942,,250,2018-10-07T06:19:16+00:00,completed
snap-035995cba7dfdd405,vol-06f973a2d0946145b,,40,2018-10-07T04:11:49+00:00,completed
snap-0446ab63ad35fbb8d,vol-0c7bf0f4e2f6863bb,,40,2018-10-06T21:35:29+00:00,completed
snap-0f70caf11f55fa4b8,vol-0c6e40578f7933657,,250,2018-10-06T20:00:36+00:00,completed
snap-0a8cd4f92944d271c,vol-0088665649d8db10f,,20,2018-10-06T20:00:36+00:00,completed
snap-030922a5d11e48c89,vol-0b615dd3ae8169944,,150,2018-10-06T09:59:45+00:00,completed
snap-083b3e6358e1225ef,vol-01bf4351fbc0ea942,,250,2018-10-06T06:19:16+00:00,completed
snap-0d2b2bc92cf8e47d3,vol-06f973a2d0946145b,,40,2018-10-06T04:11:48+00:00,completed
snap-0da124f1989b9daae,vol-0c7bf0f4e2f6863bb,,40,2018-10-05T21:35:28+00:00,completed
snap-0061573c2a6dbe706,vol-0c6e40578f7933657,,250,2018-10-05T20:00:38+00:00,completed
snap-08892514fb36c385e,vol-0088665649d8db10f,,20,2018-10-05T20:00:37+00:00,completed
snap-0d853c93cccb077f1,vol-0b615dd3ae8169944,,150,2018-10-05T09:59:45+00:00,completed
snap-062b84667e3252f5e,vol-01bf4351fbc0ea942,,250,2018-10-05T06:19:16+00:00,completed
snap-0875946167ac5a205,vol-06f973a2d0946145b,,40,2018-10-05T04:11:49+00:00,completed
snap-00aa525e04b484619,vol-0c7bf0f4e2f6863bb,,40,2018-10-04T21:35:28+00:00,completed
snap-0e9a904f8e8c88a1f,vol-0c6e40578f7933657,,250,2018-10-04T20:00:37+00:00,completed
snap-0f8c7173df28c9835,vol-0088665649d8db10f,,20,2018-10-04T20:00:37+00:00,completed
snap-07acfe01a8067aac8,vol-0b615dd3ae8169944,,150,2018-10-04T09:59:44+00:00,completed
snap-07813fd7074e109d2,vol-01bf4351fbc0ea942,,250,2018-10-04T06:19:15+00:00,completed
snap-0348ca2d4a71069e0,vol-06f973a2d0946145b,,40,2018-10-04T04:11:48+00:00,completed
snap-0ae166a16c215d1b5,vol-0c7bf0f4e2f6863bb,,40,2018-10-03T21:35:29+00:00,completed
snap-0031759a3868980b5,vol-0088665649d8db10f,,20,2018-10-03T20:00:36+00:00,completed
snap-0b79c387ac6c234d5,vol-0c6e40578f7933657,,250,2018-10-03T20:00:36+00:00,completed
snap-00b1e69cfc2f81e04,vol-0b615dd3ae8169944,,150,2018-10-03T09:59:44+00:00,completed
snap-0eb03f2b574e99410,vol-01bf4351fbc0ea942,,250,2018-10-03T06:19:16+00:00,completed
snap-0935f02b5f0bcda8e,vol-06f973a2d0946145b,,40,2018-10-03T04:11:48+00:00,completed
snap-096ee92b41533c741,vol-0c7bf0f4e2f6863bb,,40,2018-10-02T21:35:28+00:00,completed
snap-008380f188be5bac1,vol-0088665649d8db10f,,20,2018-10-02T20:00:37+00:00,completed
snap-0831af6db161e0ab6,vol-0c6e40578f7933657,,250,2018-10-02T20:00:37+00:00,completed
snap-0a872c029b844629a,vol-0b615dd3ae8169944,,150,2018-10-02T09:59:44+00:00,completed
snap-01f5463d28250c3f2,vol-01bf4351fbc0ea942,,250,2018-10-02T06:19:16+00:00,completed
snap-0cadf19fb6b4ac1fd,vol-06f973a2d0946145b,,40,2018-10-02T04:11:48+00:00,completed
snap-0038aba2c70462f42,vol-0c7bf0f4e2f6863bb,,40,2018-10-01T21:35:29+00:00,completed
snap-0e8bfd27c0a74125e,vol-0088665649d8db10f,,20,2018-10-01T20:00:36+00:00,completed
snap-01fc609027a5be8cd,vol-0c6e40578f7933657,,250,2018-10-01T20:00:36+00:00,completed
snap-0ecaebe247a180d49,vol-0b615dd3ae8169944,,150,2018-10-01T09:59:44+00:00,completed
snap-0a8963210709ba44a,vol-01bf4351fbc0ea942,,250,2018-10-01T06:19:16+00:00,completed
snap-01931acf77e3662a1,vol-06f973a2d0946145b,,40,2018-10-01T04:11:49+00:00,completed
snap-08a1928ece6071657,vol-0c7bf0f4e2f6863bb,,40,2018-09-30T21:35:29+00:00,completed
snap-0641b6bf45eac59ce,vol-0088665649d8db10f,,20,2018-09-30T20:00:37+00:00,completed
snap-0b3fb6584a0d42fc1,vol-0c6e40578f7933657,,250,2018-09-30T20:00:37+00:00,completed
snap-060e8ba888fbe44f9,vol-0b615dd3ae8169944,,150,2018-09-30T09:59:44+00:00,completed
snap-0678b557d404d1459,vol-01bf4351fbc0ea942,,250,2018-09-30T06:19:16+00:00,completed
snap-066d3bc437e2d4560,vol-06f973a2d0946145b,,40,2018-09-30T04:11:48+00:00,completed
snap-010ccf36e29877178,vol-0c7bf0f4e2f6863bb,,40,2018-09-29T21:35:28+00:00,completed
snap-0d0bb5f5bd36e883a,vol-0088665649d8db10f,,20,2018-09-29T20:00:36+00:00,completed
snap-0e4fdad561f2c05f7,vol-0c6e40578f7933657,,250,2018-09-29T20:00:36+00:00,completed
snap-0c88874c7f5ee018a,vol-0b615dd3ae8169944,,150,2018-09-29T09:59:45+00:00,completed
snap-094e2169ac1d6fba0,vol-01bf4351fbc0ea942,,250,2018-09-29T06:19:16+00:00,completed
snap-00890761910572b86,vol-06f973a2d0946145b,,40,2018-09-29T04:11:49+00:00,completed
snap-0939cfb0dcc3608ec,vol-0c7bf0f4e2f6863bb,,40,2018-09-28T21:35:29+00:00,completed
snap-0666c15150561e6eb,vol-086e3812d63f95ee1,,15,2018-09-28T20:54:21+00:00,completed
snap-09b24a0f3e91533bf,vol-0c6e40578f7933657,,250,2018-09-28T20:00:36+00:00,completed
snap-053098af36579dbad,vol-0088665649d8db10f,,20,2018-09-28T20:00:36+00:00,completed
snap-099eede4d97b6046b,vol-0b615dd3ae8169944,,150,2018-09-28T09:59:45+00:00,completed
snap-073ef6004c29d8849,vol-01bf4351fbc0ea942,,250,2018-09-28T06:19:15+00:00,completed
snap-091217d3d534b17c6,vol-06f973a2d0946145b,,40,2018-09-28T04:11:49+00:00,completed
snap-03cbd0fc68dd33022,vol-0c7bf0f4e2f6863bb,,40,2018-09-27T21:35:28+00:00,completed
snap-0784ccbb34e1a73b4,vol-0c6e40578f7933657,,250,2018-09-27T20:00:37+00:00,completed
snap-0fcac6264238708c2,vol-0088665649d8db10f,,20,2018-09-27T20:00:37+00:00,completed
snap-062da4e54545fef99,vol-0b615dd3ae8169944,,150,2018-09-27T09:59:45+00:00,completed
snap-01b107300439136aa,vol-01bf4351fbc0ea942,,250,2018-09-27T06:19:16+00:00,completed
snap-09c0c3360e57a79a1,vol-06f973a2d0946145b,,40,2018-09-27T04:11:48+00:00,completed
snap-043cea9187bcebf71,vol-0c7bf0f4e2f6863bb,,40,2018-09-26T21:35:28+00:00,completed
snap-00e9bfc1849727b2a,vol-0c6e40578f7933657,,250,2018-09-26T20:03:38+00:00,completed
snap-0f688a28ecad897bd,vol-0088665649d8db10f,,20,2018-09-26T20:00:38+00:00,completed
snap-0753691889d082367,vol-0c6e40578f7933657,,250,2018-09-26T20:00:38+00:00,completed
snap-04998781f9f31439c,vol-0b615dd3ae8169944,,150,2018-09-26T09:59:44+00:00,completed
snap-00644c0d73e5d2544,vol-01bf4351fbc0ea942,,250,2018-09-26T06:19:15+00:00,completed
snap-04f98ac483bedc051,vol-06f973a2d0946145b,,40,2018-09-26T04:11:48+00:00,completed
snap-0458e1c0b248b9d19,vol-0c7bf0f4e2f6863bb,,40,2018-09-25T21:35:29+00:00,completed
snap-0f32f032e4f733359,vol-0088665649d8db10f,,20,2018-09-25T20:00:37+00:00,completed
snap-0f4dd145e5a122f61,vol-0c6e40578f7933657,,250,2018-09-25T20:00:37+00:00,completed
snap-049427eba92034fc3,vol-0b615dd3ae8169944,,150,2018-09-25T09:59:44+00:00,completed
snap-04fcd6e847cef7472,vol-01bf4351fbc0ea942,,250,2018-09-25T06:19:16+00:00,completed
snap-07d75d7b865b1d453,vol-06f973a2d0946145b,,40,2018-09-25T04:11:48+00:00,completed
snap-0b13fd281deb82eb9,vol-0c7bf0f4e2f6863bb,,40,2018-09-24T21:35:28+00:00,completed
snap-0871940d533bd91b0,vol-0088665649d8db10f,,20,2018-09-24T20:00:37+00:00,completed
snap-05f9a725bbe69c16e,vol-0c6e40578f7933657,,250,2018-09-24T20:00:37+00:00,completed
snap-09a3bfc14dcf681d6,vol-0b615dd3ae8169944,,150,2018-09-24T09:59:45+00:00,completed
snap-0216c6bc99336b12b,vol-01bf4351fbc0ea942,,250,2018-09-24T06:19:16+00:00,completed
snap-0dbe7efcc0ec839ee,vol-0a7163a362023abb6,,500,2018-09-24T06:30:42+00:00,completed
snap-0712b3dc9b4dfdd43,vol-06f973a2d0946145b,,40,2018-09-24T04:11:48+00:00,completed
snap-0913788aee51464a2,vol-0c7bf0f4e2f6863bb,,40,2018-09-23T21:35:29+00:00,completed
snap-07048c6bbea4fc10b,vol-0c6e40578f7933657,,250,2018-09-23T20:00:36+00:00,completed
snap-08b9dbd8911876eb2,vol-0088665649d8db10f,,20,2018-09-23T20:00:36+00:00,completed
snap-01931cd18d4d56e8b,vol-0b615dd3ae8169944,,150,2018-09-23T09:59:44+00:00,completed
snap-05cd7c0a0aaefac25,vol-0a7163a362023abb6,,500,2018-09-23T06:30:42+00:00,completed
snap-0dbcc9df3aac99e42,vol-01bf4351fbc0ea942,,250,2018-09-23T06:19:16+00:00,completed
snap-01a06f309b689f2ed,vol-06f973a2d0946145b,,40,2018-09-23T04:11:48+00:00,completed
snap-0b6b7163d6db256a1,vol-0c7bf0f4e2f6863bb,,40,2018-09-22T21:35:29+00:00,completed
snap-0c85397496cc62c46,vol-0c6e40578f7933657,,250,2018-09-22T20:00:37+00:00,completed
snap-09fe92e0c6d5657b5,vol-0088665649d8db10f,,20,2018-09-22T20:00:37+00:00,completed
snap-0aea13b0dfb5e2076,vol-0b615dd3ae8169944,,150,2018-09-22T09:59:45+00:00,completed
snap-0b165544f379b9a57,vol-01bf4351fbc0ea942,,250,2018-09-22T06:19:16+00:00,completed
snap-0c58329ff4e3cdc71,vol-0a7163a362023abb6,,500,2018-09-22T06:30:42+00:00,completed
snap-0668597df1e3e6d3e,vol-06f973a2d0946145b,,40,2018-09-22T04:11:48+00:00,completed
snap-0a0e490ee93350d53,vol-0c7bf0f4e2f6863bb,,40,2018-09-21T21:35:28+00:00,completed
snap-04cc97bb8db7c5d69,vol-0088665649d8db10f,,20,2018-09-21T20:00:37+00:00,completed
snap-0d5a9826db9c4c9ce,vol-0c6e40578f7933657,,250,2018-09-21T20:00:37+00:00,completed
snap-0d9530c7cff0433a8,vol-0b615dd3ae8169944,,150,2018-09-21T09:59:45+00:00,completed
snap-08670682cf6ce614b,vol-0a7163a362023abb6,,500,2018-09-21T06:30:42+00:00,completed
snap-0a74ed31d9caf31a6,vol-01bf4351fbc0ea942,,250,2018-09-21T06:19:16+00:00,completed
snap-0752de2a1e8b31d34,vol-06f973a2d0946145b,,40,2018-09-21T04:11:48+00:00,completed
snap-070ec549f77fedb06,vol-0c7bf0f4e2f6863bb,,40,2018-09-20T21:35:29+00:00,completed
snap-04feda3c8ceda383b,vol-0c6e40578f7933657,,250,2018-09-20T20:00:36+00:00,completed
snap-0a344a44d3e7fa157,vol-0088665649d8db10f,,20,2018-09-20T20:00:36+00:00,completed
snap-022e9b9c6863a592a,vol-0b615dd3ae8169944,,150,2018-09-20T09:59:44+00:00,completed
snap-0a7fcc2a203e06191,vol-0a7163a362023abb6,,500,2018-09-20T06:30:42+00:00,completed
snap-03a86c9dcfbe49cbc,vol-01bf4351fbc0ea942,,250,2018-09-20T06:19:16+00:00,completed
snap-0ef8372e3fbc05d40,vol-06f973a2d0946145b,,40,2018-09-20T04:11:49+00:00,completed
snap-0656bc1d813fa9894,vol-0c7bf0f4e2f6863bb,,40,2018-09-19T21:35:29+00:00,completed
snap-06153a89bdbc48e60,vol-0c6e40578f7933657,,250,2018-09-19T20:00:37+00:00,completed
snap-0aca2c312648f092b,vol-0088665649d8db10f,,20,2018-09-19T20:00:37+00:00,completed
snap-05ddf1250685a2b1c,vol-0b615dd3ae8169944,,150,2018-09-19T09:59:45+00:00,completed
snap-0950326e0cef57f36,vol-0a7163a362023abb6,,500,2018-09-19T06:30:42+00:00,completed
snap-0f39e2b35914231e8,vol-01bf4351fbc0ea942,,250,2018-09-19T06:19:16+00:00,completed
snap-01b3438af39b4b4d0,vol-06f973a2d0946145b,,40,2018-09-19T04:11:49+00:00,completed
snap-00c757f62e5534d27,vol-0c7bf0f4e2f6863bb,,40,2018-09-18T21:35:29+00:00,completed
snap-071f88dc4f97d1665,vol-0c6e40578f7933657,,250,2018-09-18T20:00:36+00:00,completed
snap-087ea79d840fac91d,vol-0088665649d8db10f,,20,2018-09-18T20:00:36+00:00,completed
snap-0a12f15ee7e29e6a2,vol-0b615dd3ae8169944,,150,2018-09-18T09:59:45+00:00,completed
snap-0f067645f13158f73,vol-0a7163a362023abb6,,500,2018-09-18T06:30:42+00:00,completed
snap-06f1e7af8b29fd1e7,vol-01bf4351fbc0ea942,,250,2018-09-18T06:19:16+00:00,completed
snap-0284adc0218eb29f1,vol-06f973a2d0946145b,,40,2018-09-18T04:11:48+00:00,completed
snap-0757d669927311ea7,vol-0c7bf0f4e2f6863bb,,40,2018-09-17T21:35:28+00:00,completed
snap-03bd8d8800884cfee,vol-0088665649d8db10f,,20,2018-09-17T20:00:37+00:00,completed
snap-09ac9aaa298bdd6bb,vol-0c6e40578f7933657,,250,2018-09-17T20:00:37+00:00,completed
snap-0854448d6b61b5c1d,vol-0b615dd3ae8169944,,150,2018-09-17T09:59:45+00:00,completed
snap-0658f52f7b907fb8e,vol-0a7163a362023abb6,,500,2018-09-17T06:30:42+00:00,completed
snap-085c3cafcf7a29542,vol-01bf4351fbc0ea942,,250,2018-09-17T06:19:16+00:00,completed
snap-0563ed2d3135af511,vol-06f973a2d0946145b,,40,2018-09-17T04:11:48+00:00,completed
snap-0a240e70560c0cc42,vol-0c7bf0f4e2f6863bb,,40,2018-09-16T21:35:28+00:00,completed
snap-0ac8d40418a6918d2,vol-0c6e40578f7933657,,250,2018-09-16T20:00:36+00:00,completed
snap-0fdf10d09a3cda3db,vol-0088665649d8db10f,,20,2018-09-16T20:00:36+00:00,completed
snap-0f251a39e2e234deb,vol-0b615dd3ae8169944,,150,2018-09-16T09:59:45+00:00,completed
snap-08ac8f7c4187193f4,vol-0a7163a362023abb6,,500,2018-09-16T06:30:42+00:00,completed
snap-00e9fb548451ba735,vol-01bf4351fbc0ea942,,250,2018-09-16T06:19:16+00:00,completed
snap-0ca457bcc74166907,vol-06f973a2d0946145b,,40,2018-09-16T04:11:48+00:00,completed
snap-0f04c38d7365f1a4c,vol-0c7bf0f4e2f6863bb,,40,2018-09-15T21:35:28+00:00,completed
snap-0263ba62da3413b6c,vol-0088665649d8db10f,,20,2018-09-15T20:00:36+00:00,completed
snap-042a0255af3e2d50a,vol-0c6e40578f7933657,,250,2018-09-15T20:00:36+00:00,completed
snap-09fc7470dd60572cf,vol-0b615dd3ae8169944,,150,2018-09-15T09:59:44+00:00,completed
snap-030eff9e7f8c6d908,vol-0a7163a362023abb6,,500,2018-09-15T06:30:42+00:00,completed
snap-079d099766b8a25fe,vol-01bf4351fbc0ea942,,250,2018-09-15T06:19:15+00:00,completed
snap-038bcb71061b55f3f,vol-0088665649d8db10f,,20,2018-09-15T05:19:49+00:00,completed
snap-0f8c9e66ee7f9d743,vol-02e9a679dbffd8489,,100,2018-09-15T05:19:49+00:00,completed
snap-02ecc2ba9da1822e4,vol-0c6e40578f7933657,,250,2018-09-15T05:19:49+00:00,completed
snap-00a1142c18ed922d8,vol-06f973a2d0946145b,,40,2018-09-15T04:11:48+00:00,completed
snap-09db782349c8fb253,vol-06f973a2d0946145b,,40,2018-09-15T05:06:45+00:00,completed
snap-0b8405a82bfe32668,vol-04e140a4fc9c6ca0d,,40,2018-09-15T05:10:09+00:00,completed
snap-0c1b7ba9be2bf9cbc,vol-0c7bf0f4e2f6863bb,,40,2018-09-14T21:35:29+00:00,completed
snap-0213a97a9fd2bea65,vol-0088665649d8db10f,,20,2018-09-14T20:00:37+00:00,completed
snap-09d61957f617eaf6d,vol-0c6e40578f7933657,,250,2018-09-14T20:00:37+00:00,completed
snap-0d70f9d8475ddb010,vol-0b615dd3ae8169944,,150,2018-09-14T09:59:45+00:00,completed
snap-0c0fbd1aafcc4aae8,vol-01bf4351fbc0ea942,,250,2018-09-14T06:19:16+00:00,completed
snap-0384863c3bade3508,vol-0a7163a362023abb6,,500,2018-09-14T06:30:42+00:00,completed
snap-092a318e5634af9a2,vol-06f973a2d0946145b,,40,2018-09-14T04:11:48+00:00,completed
snap-03f7b479660008b08,vol-0c7bf0f4e2f6863bb,,40,2018-09-13T21:35:29+00:00,completed
snap-0a3f48e2242b8d71d,vol-0088665649d8db10f,,20,2018-09-13T20:00:37+00:00,completed
snap-0013f46714751e18c,vol-0c6e40578f7933657,,250,2018-09-13T20:00:37+00:00,completed
snap-04c6080498eec1ccc,vol-0b615dd3ae8169944,,150,2018-09-13T09:59:44+00:00,completed
snap-02b159e26800838cd,vol-0a7163a362023abb6,,500,2018-09-13T06:30:42+00:00,completed
snap-05ac366e5c4860462,vol-01bf4351fbc0ea942,,250,2018-09-13T06:19:16+00:00,completed
snap-0784afea34b97d174,vol-06f973a2d0946145b,,40,2018-09-13T04:11:48+00:00,completed
snap-0e2c7989ab5a98648,vol-0c7bf0f4e2f6863bb,,40,2018-09-12T21:35:29+00:00,completed
snap-066ee0cc61ca07017,vol-0088665649d8db10f,,20,2018-09-12T20:00:37+00:00,completed
snap-07b45a04bf583d3c9,vol-0c6e40578f7933657,,250,2018-09-12T20:00:37+00:00,completed
snap-08e2988edcc0c0ebc,vol-07ab2e578904d23d6,,8,2018-09-12T17:11:47+00:00,completed
snap-07c7ad612b18a1bed,vol-096fe4923ee509e29,,50,2018-09-12T15:06:32+00:00,completed
snap-0514c04d011f05fc9,vol-07ab2e578904d23d6,,8,2018-09-12T15:05:40+00:00,completed
snap-00f34399099e30119,vol-096fe4923ee509e29,,50,2018-09-12T15:08:44+00:00,completed
snap-08688fc92126f869d,vol-07ab2e578904d23d6,,8,2018-09-12T15:04:26+00:00,completed
snap-00b88cd0760b6f35d,vol-096fe4923ee509e29,,50,2018-09-12T15:03:24+00:00,completed
snap-0eb6a80377fab6ceb,vol-096fe4923ee509e29,,50,2018-09-12T15:05:40+00:00,completed
snap-0d1a07859caa96067,vol-07ab2e578904d23d6,,8,2018-09-12T15:08:44+00:00,completed
snap-0b064a8911a41d180,vol-096fe4923ee509e29,,50,2018-09-12T15:04:26+00:00,completed
snap-016d1cb9ba18e5f5b,vol-07ab2e578904d23d6,,8,2018-09-12T15:06:32+00:00,completed
snap-0fa78f024d160a636,vol-07ab2e578904d23d6,,8,2018-09-12T15:03:24+00:00,completed
snap-0fdb6548e1509e210,vol-0b615dd3ae8169944,,150,2018-09-12T09:59:45+00:00,completed
snap-0d94b53c5d3b8deb4,vol-0a7163a362023abb6,,500,2018-09-12T06:30:42+00:00,completed
snap-063c30dcf2c1d2ae8,vol-01bf4351fbc0ea942,,250,2018-09-12T06:19:16+00:00,completed
snap-07e7529a89a879a89,vol-06f973a2d0946145b,,40,2018-09-12T04:11:48+00:00,completed
snap-0afae0130d57c30f4,vol-0c7bf0f4e2f6863bb,,40,2018-09-11T21:35:29+00:00,completed
snap-0144dd3b0a0f2b7ed,vol-0c6e40578f7933657,,250,2018-09-11T20:00:37+00:00,completed
snap-05a015755ef17697c,vol-0088665649d8db10f,,20,2018-09-11T20:00:37+00:00,completed
snap-00a8824e5fe2776e5,vol-0b615dd3ae8169944,,150,2018-09-11T09:59:44+00:00,completed
snap-05141cbdf276bc99b,vol-0a7163a362023abb6,,500,2018-09-11T06:30:42+00:00,completed
snap-0442aa1a647e75386,vol-01bf4351fbc0ea942,,250,2018-09-11T06:19:16+00:00,completed
snap-01c6a03077be65d3c,vol-06f973a2d0946145b,,40,2018-09-11T04:11:48+00:00,completed
snap-0817fe8c4df69992d,vol-0c7bf0f4e2f6863bb,,40,2018-09-10T21:35:28+00:00,completed
snap-069750c88592e1176,vol-0c6e40578f7933657,,250,2018-09-10T20:00:37+00:00,completed
snap-0c76c5b73f66b47bf,vol-0088665649d8db10f,,20,2018-09-10T20:00:36+00:00,completed
snap-031898cea75691a61,vol-0b615dd3ae8169944,,150,2018-09-10T09:59:44+00:00,completed
snap-028feeb23f6ef75a2,vol-0a7163a362023abb6,,500,2018-09-10T06:30:42+00:00,completed
snap-0c47e1f68bc69a956,vol-01bf4351fbc0ea942,,250,2018-09-10T06:19:16+00:00,completed
snap-07378fdbafebb6d51,vol-06f973a2d0946145b,,40,2018-09-10T04:11:48+00:00,completed
snap-016eb0a9310fdaf80,vol-0c7bf0f4e2f6863bb,,40,2018-09-09T21:35:29+00:00,completed
snap-05162c7d5fc8ef75e,vol-0c6e40578f7933657,,250,2018-09-09T20:00:37+00:00,completed
snap-0a80911132ce74ec5,vol-0088665649d8db10f,,20,2018-09-09T20:00:37+00:00,completed
snap-07268e5653d52df94,vol-0b615dd3ae8169944,,150,2018-09-09T09:59:44+00:00,completed
snap-063b30b567999c31b,vol-0a7163a362023abb6,,500,2018-09-09T06:33:28+00:00,completed
snap-0aa77faa0623cf8bd,vol-0a7163a362023abb6,,500,2018-09-09T06:30:43+00:00,completed
snap-0b71be9f988f5a273,vol-01bf4351fbc0ea942,,250,2018-09-09T06:19:16+00:00,completed
snap-02974de066781693e,vol-06f973a2d0946145b,,40,2018-09-09T04:11:48+00:00,completed
snap-028e0f551ee58a733,vol-0c7bf0f4e2f6863bb,,40,2018-09-08T21:35:29+00:00,completed
snap-004c1116cb7fe3deb,vol-0088665649d8db10f,,20,2018-09-08T20:00:37+00:00,completed
snap-0407356f6c188b8f1,vol-0c6e40578f7933657,,250,2018-09-08T20:00:37+00:00,completed
snap-0726e0010c79c0f07,vol-0b615dd3ae8169944,,150,2018-09-08T09:59:45+00:00,completed
snap-0cfe1e791c9df7a53,vol-01bf4351fbc0ea942,,250,2018-09-08T06:19:15+00:00,completed
snap-039481e14eb78f6fc,vol-0a7163a362023abb6,,500,2018-09-08T06:30:42+00:00,completed
snap-002fb7eb5495e76de,vol-06f973a2d0946145b,,40,2018-09-08T04:11:49+00:00,completed
snap-0fc816ac79434bfc5,vol-0c7bf0f4e2f6863bb,,40,2018-09-07T21:35:28+00:00,completed
snap-03dc91cfbb2b82d3b,vol-0088665649d8db10f,,20,2018-09-07T20:00:37+00:00,completed
snap-0a031b13a96da3038,vol-0c6e40578f7933657,,250,2018-09-07T20:00:36+00:00,completed
snap-086f9fa2bfe516270,vol-0b615dd3ae8169944,,150,2018-09-07T09:59:45+00:00,completed
snap-04afaf6bcab937ac5,vol-0a7163a362023abb6,,500,2018-09-07T06:30:42+00:00,completed
snap-034d1e6031bc663c4,vol-01bf4351fbc0ea942,,250,2018-09-07T06:19:16+00:00,completed
snap-0cd01ccbbd8b7f315,vol-06f973a2d0946145b,,40,2018-09-07T04:11:48+00:00,completed
snap-0d3e383e8ea09ad51,vol-0c7bf0f4e2f6863bb,,40,2018-09-06T21:35:28+00:00,completed
snap-00814f88454c0a509,vol-0c6e40578f7933657,,250,2018-09-06T20:00:37+00:00,completed
snap-0121fb0afe0909881,vol-0088665649d8db10f,,20,2018-09-06T20:00:37+00:00,completed
snap-095e676d6f173e102,vol-0b615dd3ae8169944,,150,2018-09-06T09:59:45+00:00,completed
snap-0249a92798df29b93,vol-0a7163a362023abb6,,500,2018-09-06T06:30:42+00:00,completed
snap-06f6c895d83ba2f9d,vol-01bf4351fbc0ea942,,250,2018-09-06T06:19:16+00:00,completed
snap-0ba3f2c581096212f,vol-06f973a2d0946145b,,40,2018-09-06T04:11:48+00:00,completed
snap-0c86d89aee2bb4209,vol-0c7bf0f4e2f6863bb,,40,2018-09-05T21:35:28+00:00,completed
snap-0bf31e1fbf16d3dd9,vol-0088665649d8db10f,,20,2018-09-05T20:00:37+00:00,completed
snap-014f9f0b1f3a67a19,vol-0c6e40578f7933657,,250,2018-09-05T20:00:37+00:00,completed
snap-0bfe882446ba729c4,vol-0b615dd3ae8169944,,150,2018-09-05T09:59:45+00:00,completed
snap-051e934d3d3013057,vol-0a7163a362023abb6,,500,2018-09-05T06:30:43+00:00,completed
snap-0bdb71278ee61182c,vol-01bf4351fbc0ea942,,250,2018-09-05T06:19:16+00:00,completed
snap-0f6f3a2578f5ceb7d,vol-06f973a2d0946145b,,40,2018-09-05T04:11:48+00:00,completed
snap-036726d12ec189378,vol-0c7bf0f4e2f6863bb,,40,2018-09-04T21:35:28+00:00,completed
snap-0268e2670db8e933e,vol-0088665649d8db10f,,20,2018-09-04T20:00:37+00:00,completed
snap-034086b8cc9a99e63,vol-0c6e40578f7933657,,250,2018-09-04T20:00:37+00:00,completed
snap-0c9bea03e47408160,vol-0b615dd3ae8169944,,150,2018-09-04T09:59:44+00:00,completed
snap-0d0237e0e1e1fc5bb,vol-0a7163a362023abb6,,500,2018-09-04T06:30:42+00:00,completed
snap-0cf4d66f07bb8c9c1,vol-01bf4351fbc0ea942,,250,2018-09-04T06:19:16+00:00,completed
snap-0cfb6f6d78451680b,vol-06f973a2d0946145b,,40,2018-09-04T04:11:48+00:00,completed
snap-0a891f2f15affe853,vol-0c7bf0f4e2f6863bb,,40,2018-09-03T21:35:28+00:00,completed
snap-07ace1bfa506d9ffb,vol-0c6e40578f7933657,,250,2018-09-03T20:00:37+00:00,completed
snap-02c20e73c5e2079bc,vol-0088665649d8db10f,,20,2018-09-03T20:00:36+00:00,completed
snap-0817da9657704ac52,vol-0b615dd3ae8169944,,150,2018-09-03T09:59:45+00:00,completed
snap-0e9e0e766b7bd2f15,vol-0a7163a362023abb6,,500,2018-09-03T06:30:42+00:00,completed
snap-0f7d6ac1137db647a,vol-01bf4351fbc0ea942,,250,2018-09-03T06:19:16+00:00,completed
snap-0be3836a65f3784bd,vol-06f973a2d0946145b,,40,2018-09-03T04:11:48+00:00,completed
snap-066eedcf996e3f8b5,vol-0c7bf0f4e2f6863bb,,40,2018-09-02T21:35:29+00:00,completed
snap-0fe20c3e4211124e0,vol-0088665649d8db10f,,20,2018-09-02T20:00:37+00:00,completed
snap-0d665e03ca7135edb,vol-0c6e40578f7933657,,250,2018-09-02T20:00:37+00:00,completed
snap-0b42f5c36fa0a9762,vol-0b615dd3ae8169944,,150,2018-09-02T09:59:45+00:00,completed
snap-0cfcb8724513f7ae7,vol-0a7163a362023abb6,,500,2018-09-02T06:30:42+00:00,completed
snap-02d1a89fac7c10cd3,vol-01bf4351fbc0ea942,,250,2018-09-02T06:19:16+00:00,completed
snap-0bbc76381b543b136,vol-06f973a2d0946145b,,40,2018-09-02T04:11:48+00:00,completed
snap-036a05580634c6697,vol-0c7bf0f4e2f6863bb,,40,2018-09-01T21:35:28+00:00,completed
snap-046a83a5c616023bc,vol-0088665649d8db10f,,20,2018-09-01T20:00:37+00:00,completed
snap-08b3820e856bc27cd,vol-0c6e40578f7933657,,250,2018-09-01T20:00:37+00:00,completed
snap-0bf56a8db23252591,vol-0b615dd3ae8169944,,150,2018-09-01T09:59:45+00:00,completed
snap-08a461469fcff6dae,vol-01bf4351fbc0ea942,,250,2018-09-01T06:19:16+00:00,completed
snap-07caca27c6e0a3451,vol-0a7163a362023abb6,,500,2018-09-01T06:30:42+00:00,completed
snap-09348e9ed8697bc12,vol-0c6e40578f7933657,,250,2018-09-01T05:21:39+00:00,completed
snap-0c68f50761a041892,vol-0088665649d8db10f,,20,2018-09-01T05:21:39+00:00,completed
snap-0b5f0b3b8f549a7aa,vol-02e9a679dbffd8489,,100,2018-09-01T05:21:39+00:00,completed
snap-02f2f44ec6084b4ce,vol-06f973a2d0946145b,,40,2018-09-01T04:11:48+00:00,completed
snap-04e8881b786055150,vol-0c7bf0f4e2f6863bb,,40,2018-08-31T21:35:28+00:00,completed
snap-0983e84e811e80f21,vol-0088665649d8db10f,,20,2018-08-31T20:00:36+00:00,completed
snap-093e552fcbecfc01f,vol-0c6e40578f7933657,,250,2018-08-31T20:00:36+00:00,completed
snap-0a78075a3b92e4f9e,vol-0b615dd3ae8169944,,150,2018-08-31T09:59:45+00:00,completed
snap-09435c648b24b99b0,vol-0a7163a362023abb6,,500,2018-08-31T06:30:42+00:00,completed
snap-0c8910e4c47e89893,vol-01bf4351fbc0ea942,,250,2018-08-31T06:19:15+00:00,completed
snap-010410d8cde57705b,vol-06f973a2d0946145b,,40,2018-08-31T04:11:49+00:00,completed
snap-04be3a33fb2e95154,vol-0c7bf0f4e2f6863bb,,40,2018-08-30T21:35:29+00:00,completed
snap-0ad64381d8ad9cc51,vol-0c6e40578f7933657,,250,2018-08-30T20:00:37+00:00,completed
snap-0789b442580f52364,vol-0088665649d8db10f,,20,2018-08-30T20:00:37+00:00,completed
snap-007cb676127cff9ca,vol-0b615dd3ae8169944,,150,2018-08-30T09:59:45+00:00,completed
snap-064b40a2ae321f323,vol-0a7163a362023abb6,,500,2018-08-30T06:30:42+00:00,completed
snap-07023a07a58460f6a,vol-01bf4351fbc0ea942,,250,2018-08-30T06:19:16+00:00,completed
snap-05024e07929ea35ea,vol-06f973a2d0946145b,,40,2018-08-30T04:11:48+00:00,completed
snap-0a758ae013351d6fa,vol-0c7bf0f4e2f6863bb,,40,2018-08-29T21:35:29+00:00,completed
snap-0b55acdaa142be25c,vol-0088665649d8db10f,,20,2018-08-29T20:00:37+00:00,completed
snap-005a834a2d00a749d,vol-0c6e40578f7933657,,250,2018-08-29T20:00:37+00:00,completed
snap-0b0efce9fd8979def,vol-0b615dd3ae8169944,,150,2018-08-29T09:59:44+00:00,completed
snap-00b0aefd3fd25d503,vol-01bf4351fbc0ea942,,250,2018-08-29T06:19:16+00:00,completed
snap-0296ba12f752cbf00,vol-0a7163a362023abb6,,500,2018-08-29T06:30:42+00:00,completed
snap-0cd8c6f988fa2ffa9,vol-06f973a2d0946145b,,40,2018-08-29T04:11:48+00:00,completed
snap-04c9897013012d283,vol-0c7bf0f4e2f6863bb,,40,2018-08-28T21:35:28+00:00,completed
snap-0308d0763af0d7836,vol-0088665649d8db10f,,20,2018-08-28T20:00:37+00:00,completed
snap-0de1b61f51bf16191,vol-0c6e40578f7933657,,250,2018-08-28T20:00:37+00:00,completed
snap-09c7e0406d6377467,vol-0b615dd3ae8169944,,150,2018-08-28T09:59:45+00:00,completed
snap-03e921354d75442fa,vol-01bf4351fbc0ea942,,250,2018-08-28T06:19:15+00:00,completed
snap-06f9a89b56c79043d,vol-0a7163a362023abb6,,500,2018-08-28T06:30:42+00:00,completed
snap-089ca572002c54bfa,vol-06f973a2d0946145b,,40,2018-08-28T04:11:48+00:00,completed
snap-007a89801e0d08148,vol-0c7bf0f4e2f6863bb,,40,2018-08-27T21:35:29+00:00,completed
snap-04405151b8730ee27,vol-0c6e40578f7933657,,250,2018-08-27T20:00:36+00:00,completed
snap-009c05699134a7792,vol-0088665649d8db10f,,20,2018-08-27T20:00:36+00:00,completed
snap-0be5e7352f178b20e,vol-0b615dd3ae8169944,,150,2018-08-27T09:59:45+00:00,completed
snap-0f17214c17af12f93,vol-01bf4351fbc0ea942,,250,2018-08-27T06:19:16+00:00,completed
snap-0c635607e9be4409d,vol-0a7163a362023abb6,,500,2018-08-27T06:30:42+00:00,completed
snap-04570a0f6f6d5711b,vol-06f973a2d0946145b,,40,2018-08-27T04:11:48+00:00,completed
snap-09ffc4af8e24fc8a5,vol-0c7bf0f4e2f6863bb,,40,2018-08-26T21:35:29+00:00,completed
snap-0b11f2d147b7c56d5,vol-0088665649d8db10f,,20,2018-08-26T20:00:37+00:00,completed
snap-06f6d1c4ef4438c7b,vol-0c6e40578f7933657,,250,2018-08-26T20:00:37+00:00,completed
snap-0704ba8d6ff5d6136,vol-0b615dd3ae8169944,,150,2018-08-26T09:59:44+00:00,completed
snap-068703b4e84202c97,vol-0a7163a362023abb6,,500,2018-08-26T06:30:42+00:00,completed
snap-049331fdcc97c165e,vol-01bf4351fbc0ea942,,250,2018-08-26T06:19:15+00:00,completed
snap-0f8fd435c21b25b83,vol-06f973a2d0946145b,,40,2018-08-26T04:11:48+00:00,completed
snap-03b4e11dea15528ae,vol-0c7bf0f4e2f6863bb,,40,2018-08-25T21:35:29+00:00,completed
snap-0ae9a44c49ddc2b9f,vol-0c6e40578f7933657,,250,2018-08-25T20:00:36+00:00,completed
snap-062d62756d8a58985,vol-0088665649d8db10f,,20,2018-08-25T20:00:36+00:00,completed
snap-080e8b9ffe4f1f381,vol-0b615dd3ae8169944,,150,2018-08-25T09:59:45+00:00,completed
snap-01b5b2e1cc596cc40,vol-0a7163a362023abb6,,500,2018-08-25T06:30:42+00:00,completed
snap-05037a53baefc8964,vol-01bf4351fbc0ea942,,250,2018-08-25T06:19:16+00:00,completed
snap-0b9a7651404e0d0dd,vol-06f973a2d0946145b,,40,2018-08-25T04:11:49+00:00,completed
snap-01ba7b439c1953f1b,vol-0c7bf0f4e2f6863bb,,40,2018-08-24T21:35:28+00:00,completed
snap-034031ce035b23872,vol-0088665649d8db10f,,20,2018-08-24T20:00:36+00:00,completed
snap-0f1728bc352ec2209,vol-0c6e40578f7933657,,250,2018-08-24T20:00:36+00:00,completed
snap-02d6c51fa6aafc382,vol-0b615dd3ae8169944,,150,2018-08-24T09:59:44+00:00,completed
snap-05300275702798f45,vol-0a7163a362023abb6,,500,2018-08-24T06:30:42+00:00,completed
snap-07e4d422d3124d4d3,vol-01bf4351fbc0ea942,,250,2018-08-24T06:19:16+00:00,completed
snap-0e1821734c78cbf07,vol-06f973a2d0946145b,,40,2018-08-24T04:11:49+00:00,completed
snap-095eebea7d0660d0d,vol-0c7bf0f4e2f6863bb,,40,2018-08-23T21:35:29+00:00,completed
snap-0341d46228ec29426,vol-0c6e40578f7933657,,250,2018-08-23T20:00:37+00:00,completed
snap-0f9b415cb75d349f2,vol-0088665649d8db10f,,20,2018-08-23T20:00:37+00:00,completed
snap-0a8d53d2077f58250,vol-0b615dd3ae8169944,,150,2018-08-23T09:59:45+00:00,completed
snap-0c20c2463a9c8b2a0,vol-01bf4351fbc0ea942,,250,2018-08-23T06:19:15+00:00,completed
snap-0e3436a21e3a71c8e,vol-0a7163a362023abb6,,500,2018-08-23T06:30:43+00:00,completed
snap-0de39aea6fdfe4276,vol-06f973a2d0946145b,,40,2018-08-23T04:11:48+00:00,completed
snap-0d15da3430bf76783,vol-0c7bf0f4e2f6863bb,,40,2018-08-22T21:35:28+00:00,completed
snap-089b3173ecb08d965,vol-0c6e40578f7933657,,250,2018-08-22T20:00:36+00:00,completed
snap-073a655bda8daca86,vol-0088665649d8db10f,,20,2018-08-22T20:00:36+00:00,completed
snap-090fb7c6632f5a9e5,vol-0b615dd3ae8169944,,150,2018-08-22T09:59:45+00:00,completed
snap-0e8300b9ad5a9cb0f,vol-0a7163a362023abb6,,500,2018-08-22T06:30:42+00:00,completed
snap-0a17d5e2929517e11,vol-01bf4351fbc0ea942,,250,2018-08-22T06:19:16+00:00,completed
snap-0068dc2e785c2ce48,vol-06f973a2d0946145b,,40,2018-08-22T04:11:48+00:00,completed
snap-052782a0b10688551,vol-0c7bf0f4e2f6863bb,,40,2018-08-21T21:35:29+00:00,completed
snap-04833a67e3c850cbd,vol-0088665649d8db10f,,20,2018-08-21T20:00:37+00:00,completed
snap-05c2c1e52592b40bc,vol-0c6e40578f7933657,,250,2018-08-21T20:00:37+00:00,completed
snap-0c62a4b590aeed9c1,vol-0b615dd3ae8169944,,150,2018-08-21T09:59:45+00:00,completed
snap-064c326391f895172,vol-01bf4351fbc0ea942,,250,2018-08-21T06:19:16+00:00,completed
snap-093cd67fcc335c142,vol-0a7163a362023abb6,,500,2018-08-21T06:30:42+00:00,completed
snap-0f3717f8565840766,vol-06f973a2d0946145b,,40,2018-08-21T04:11:48+00:00,completed
snap-064792957c3f5d029,vol-0c7bf0f4e2f6863bb,,40,2018-08-20T21:35:29+00:00,completed
snap-0c685201f8d110b14,vol-0088665649d8db10f,,20,2018-08-20T20:00:37+00:00,completed
snap-065e09a430803ce2b,vol-0c6e40578f7933657,,250,2018-08-20T20:00:37+00:00,completed
snap-0cbb4535908618cde,vol-0b615dd3ae8169944,,150,2018-08-20T09:59:44+00:00,completed
snap-0ff9a10eff87bd754,vol-0a7163a362023abb6,,500,2018-08-20T06:30:42+00:00,completed
snap-0c376fb74ccf3d441,vol-01bf4351fbc0ea942,,250,2018-08-20T06:19:16+00:00,completed
snap-05062757654ee5510,vol-06f973a2d0946145b,,40,2018-08-20T04:11:49+00:00,completed
snap-0c53bb6c388ab5615,vol-0c7bf0f4e2f6863bb,,40,2018-08-19T21:35:28+00:00,completed
snap-072953f77fa7f87be,vol-0088665649d8db10f,,20,2018-08-19T20:00:37+00:00,completed
snap-02697c93a8f4d48c8,vol-0c6e40578f7933657,,250,2018-08-19T20:00:37+00:00,completed
snap-086a871a2ae9f9edb,vol-0b615dd3ae8169944,,150,2018-08-19T09:59:45+00:00,completed
snap-057043c6e0cfdbe37,vol-0a7163a362023abb6,,500,2018-08-19T06:30:42+00:00,completed
snap-071f2ed2829fe75a7,vol-01bf4351fbc0ea942,,250,2018-08-19T06:19:16+00:00,completed
snap-007bd8302a28c79a7,vol-06f973a2d0946145b,,40,2018-08-19T04:11:48+00:00,completed
snap-097a5b0e3aacc720f,vol-0c7bf0f4e2f6863bb,,40,2018-08-18T21:35:28+00:00,completed
snap-00c9c1f19c8c3fe88,vol-0088665649d8db10f,,20,2018-08-18T20:00:36+00:00,completed
snap-0c8c80e19db9e7331,vol-0c6e40578f7933657,,250,2018-08-18T20:00:36+00:00,completed
snap-0860694dd86b4eeb2,vol-0b615dd3ae8169944,,150,2018-08-18T09:59:45+00:00,completed
snap-0caa85930a9048d67,vol-0a7163a362023abb6,,500,2018-08-18T06:30:42+00:00,completed
snap-03b32de0a8ee0a316,vol-01bf4351fbc0ea942,,250,2018-08-18T06:19:15+00:00,completed
snap-0b04e7a2f7b583ee4,vol-06f973a2d0946145b,,40,2018-08-18T04:11:48+00:00,completed
snap-0806692b1078c323d,vol-0c7bf0f4e2f6863bb,,40,2018-08-17T21:35:28+00:00,completed
snap-018e899d75790d634,vol-0088665649d8db10f,,20,2018-08-17T20:00:36+00:00,completed
snap-0b22841542a2b5258,vol-0c6e40578f7933657,,250,2018-08-17T20:00:36+00:00,completed
snap-0ac5775ec4601e6b3,vol-0b615dd3ae8169944,,150,2018-08-17T09:59:45+00:00,completed
snap-0e54669826cd8631d,vol-0a7163a362023abb6,,500,2018-08-17T06:30:42+00:00,completed
snap-01f23799726d9fab0,vol-01bf4351fbc0ea942,,250,2018-08-17T06:19:15+00:00,completed
snap-025a5daaba7d88c34,vol-06f973a2d0946145b,,40,2018-08-17T04:11:48+00:00,completed
snap-096621ca94c3ee702,vol-0c7bf0f4e2f6863bb,,40,2018-08-16T21:35:29+00:00,completed
snap-0e36891479522dd26,vol-0088665649d8db10f,,20,2018-08-16T20:00:37+00:00,completed
snap-0c4e32e87e555d8a1,vol-0c6e40578f7933657,,250,2018-08-16T20:00:37+00:00,completed
snap-0db5b96e8d318951a,vol-0b615dd3ae8169944,,150,2018-08-16T09:59:44+00:00,completed
snap-0a509b2cddda70e24,vol-0a7163a362023abb6,,500,2018-08-16T06:30:42+00:00,completed
snap-0bebcddd7bd9decba,vol-01bf4351fbc0ea942,,250,2018-08-16T06:19:16+00:00,completed
snap-09c5fc5ee02406e24,vol-06f973a2d0946145b,,40,2018-08-16T04:11:48+00:00,completed
snap-067578effbc2a5c44,vol-0c7bf0f4e2f6863bb,,40,2018-08-15T21:35:29+00:00,completed
snap-0d41204769ac10ad1,vol-0c6e40578f7933657,,250,2018-08-15T20:00:36+00:00,completed
snap-00c0eb6944fe98f70,vol-0088665649d8db10f,,20,2018-08-15T20:00:36+00:00,completed
snap-0d9739d1975a142d8,vol-0b615dd3ae8169944,,150,2018-08-15T09:59:44+00:00,completed
snap-0a3f094bc9c3ba470,vol-0a7163a362023abb6,,500,2018-08-15T06:30:43+00:00,completed
snap-05ae22e356c883886,vol-01bf4351fbc0ea942,,250,2018-08-15T06:19:16+00:00,completed
snap-0eaedf2980a8fc3ba,vol-06f973a2d0946145b,,40,2018-08-15T04:11:48+00:00,completed
snap-098eedbb56e3e31a9,vol-0c7bf0f4e2f6863bb,,40,2018-08-14T21:35:28+00:00,completed
snap-0c616f8112836f12a,vol-0c6e40578f7933657,,250,2018-08-14T20:00:36+00:00,completed
snap-0a4fcb476975bfbed,vol-0088665649d8db10f,,20,2018-08-14T20:00:36+00:00,completed
snap-0b893acba47f4d65f,vol-0b615dd3ae8169944,,150,2018-08-14T09:59:44+00:00,completed
snap-002ac756a8962f30b,vol-01bf4351fbc0ea942,,250,2018-08-14T06:37:50+00:00,completed
snap-0af092bfe25ba91ce,vol-01bf4351fbc0ea942,,250,2018-08-14T06:19:16+00:00,completed
snap-0d684f1a38120338a,vol-0a7163a362023abb6,,500,2018-08-14T06:30:42+00:00,completed
snap-08c4541679a0ee3a4,vol-06f973a2d0946145b,,40,2018-08-14T04:11:48+00:00,completed
snap-0e3756b791ef1e8cf,vol-0c7bf0f4e2f6863bb,,40,2018-08-13T21:35:28+00:00,completed
snap-0b934061cbb79c3b4,vol-0088665649d8db10f,,20,2018-08-13T20:00:37+00:00,completed
snap-0fbd18c6c4631c2ef,vol-0c6e40578f7933657,,250,2018-08-13T20:00:37+00:00,completed
snap-01a0c4f733460f0a7,vol-08816e3a56e1f1f63,,50,2018-08-13T20:05:23+00:00,completed
snap-03c84c06694840d94,vol-0336efc4c762be059,,16,2018-08-13T20:05:23+00:00,completed
snap-0285096df12e1fef1,vol-0b615dd3ae8169944,,150,2018-08-13T09:59:45+00:00,completed
snap-0240a28d93dc8ca0b,vol-01bf4351fbc0ea942,,250,2018-08-13T06:19:16+00:00,completed
snap-06e8edefbd126944b,vol-0a7163a362023abb6,,500,2018-08-13T06:30:42+00:00,completed
snap-011442d076c0a9436,vol-06f973a2d0946145b,,40,2018-08-13T04:11:48+00:00,completed
snap-057a5dfc748906572,vol-0c7bf0f4e2f6863bb,,40,2018-08-12T21:35:28+00:00,completed
snap-0811ca3a49a810d6c,vol-0c6e40578f7933657,,250,2018-08-12T20:00:37+00:00,completed
snap-0819c32199040947c,vol-0088665649d8db10f,,20,2018-08-12T20:00:37+00:00,completed
snap-07138fd4194902da8,vol-0b615dd3ae8169944,,150,2018-08-12T09:59:45+00:00,completed
snap-08bf164376f3d2174,vol-0a7163a362023abb6,,500,2018-08-12T06:30:42+00:00,completed
snap-025789959dee4a619,vol-01bf4351fbc0ea942,,250,2018-08-12T06:19:16+00:00,completed
snap-0172559ab1b1f21de,vol-06f973a2d0946145b,,40,2018-08-12T04:11:48+00:00,completed
snap-05d37a0b7f2071b7f,vol-0c7bf0f4e2f6863bb,,40,2018-08-11T21:35:28+00:00,completed
snap-068512b39ef3563fe,vol-0088665649d8db10f,,20,2018-08-11T20:00:37+00:00,completed
snap-02cba1c8e8226204a,vol-0c6e40578f7933657,,250,2018-08-11T20:00:36+00:00,completed
snap-064642497b2808504,vol-0b615dd3ae8169944,,150,2018-08-11T09:59:44+00:00,completed
snap-04486de9c3828acba,vol-02e9a679dbffd8489,,100,2018-08-11T06:35:22+00:00,completed
snap-046f0da4e4778f134,vol-0a7163a362023abb6,,500,2018-08-11T06:30:42+00:00,completed
snap-0fd4996d21247051c,vol-0088665649d8db10f,,20,2018-08-11T06:35:22+00:00,completed
snap-06de88a06b0fdfa25,vol-02e9a679dbffd8489,,100,2018-08-11T06:18:33+00:00,completed
snap-056425cac614055f2,vol-0c6e40578f7933657,,250,2018-08-11T06:35:22+00:00,completed
snap-015a30e307ecf750c,vol-0c6e40578f7933657,,250,2018-08-11T06:16:31+00:00,completed
snap-0c6a3282982bdecc0,vol-01bf4351fbc0ea942,,250,2018-08-11T06:19:15+00:00,completed
snap-0c1666af192b27ed2,vol-06f973a2d0946145b,,40,2018-08-11T04:11:49+00:00,completed
snap-0e704a617f7ebdf61,vol-0c7bf0f4e2f6863bb,,40,2018-08-10T21:35:28+00:00,completed
snap-02fcded595f2cd034,vol-0c6e40578f7933657,,250,2018-08-10T20:00:36+00:00,completed
snap-072714ec5fade0631,vol-0088665649d8db10f,,20,2018-08-10T20:00:36+00:00,completed
snap-0bb44526009c0aecb,vol-0b615dd3ae8169944,,150,2018-08-10T09:59:44+00:00,completed
snap-0a5736c9f48f16fcc,vol-0a7163a362023abb6,,500,2018-08-10T06:30:42+00:00,completed
snap-0324aba758ddc22ba,vol-01bf4351fbc0ea942,,250,2018-08-10T06:19:16+00:00,completed
snap-0670a5adbd64215b8,vol-06f973a2d0946145b,,40,2018-08-10T04:11:48+00:00,completed
snap-081454005bb3ee8ef,vol-0c7bf0f4e2f6863bb,,40,2018-08-09T21:35:28+00:00,completed
snap-062075f6d869e5d22,vol-0088665649d8db10f,,20,2018-08-09T20:00:36+00:00,completed
snap-0e17a839d07cc7bfc,vol-0c6e40578f7933657,,250,2018-08-09T20:00:36+00:00,completed
snap-07046ff1b6800cf7d,vol-0597eb8f34d135ecd,,20,2018-08-09T13:13:02+00:00,completed
snap-0e8d292ea9dc6b968,vol-0b615dd3ae8169944,,150,2018-08-09T09:59:44+00:00,completed
snap-0cfacfcefdfe13893,vol-01bf4351fbc0ea942,,250,2018-08-09T06:19:16+00:00,completed
snap-0f0106a80cbc620e6,vol-0a7163a362023abb6,,500,2018-08-09T06:30:42+00:00,completed
snap-0393286c6d297feb5,vol-06f973a2d0946145b,,40,2018-08-09T04:11:48+00:00,completed
snap-06295b0785b626250,vol-0c7bf0f4e2f6863bb,,40,2018-08-08T21:35:29+00:00,completed
snap-01157a50f02bb6fcc,vol-0597eb8f34d135ecd,,20,2018-08-08T20:15:39+00:00,completed
snap-0cc4b776a59ddd841,vol-0c6e40578f7933657,,250,2018-08-08T20:00:37+00:00,completed
snap-07a49f7aefdddec7e,vol-0088665649d8db10f,,20,2018-08-08T20:00:37+00:00,completed
snap-0c33cc3ab2931c84b,vol-0ccf7c638e41ec8a7,,20,2018-08-08T20:15:15+00:00,completed
snap-03a57b0734807a8a8,vol-0b615dd3ae8169944,,150,2018-08-08T09:59:44+00:00,completed
snap-08e2b0fb4e52dac7c,vol-0a7163a362023abb6,,500,2018-08-08T06:30:42+00:00,completed
snap-04050c75c74ca6121,vol-01bf4351fbc0ea942,,250,2018-08-08T06:19:15+00:00,completed
snap-0f5a6a21dfbbba0a7,vol-06f973a2d0946145b,,40,2018-08-08T04:11:48+00:00,completed
snap-0a42de07d7a3eb53d,vol-0c7bf0f4e2f6863bb,,40,2018-08-07T21:35:29+00:00,completed
snap-0e99d565fd9265058,vol-0c6e40578f7933657,,250,2018-08-07T20:00:37+00:00,completed
snap-028cd0fe41373e221,vol-0088665649d8db10f,,20,2018-08-07T20:00:37+00:00,completed
snap-0b74335554c4d5576,vol-0b615dd3ae8169944,,150,2018-08-07T09:59:44+00:00,completed
snap-067b9c2cdfee7d203,vol-0a7163a362023abb6,,500,2018-08-07T06:30:42+00:00,completed
snap-0c6df2bdd18d02fb9,vol-01bf4351fbc0ea942,,250,2018-08-07T06:19:16+00:00,completed
snap-07aaa0cd0c1185293,vol-06f973a2d0946145b,,40,2018-08-07T04:11:48+00:00,completed
snap-02d817351a2184aee,vol-0c7bf0f4e2f6863bb,,40,2018-08-06T21:35:29+00:00,completed
snap-02c343f9029af28eb,vol-0c6e40578f7933657,,250,2018-08-06T20:00:37+00:00,completed
snap-04bc7b0a9619dc18b,vol-0088665649d8db10f,,20,2018-08-06T20:00:37+00:00,completed
snap-0338f2f888b2a5f6a,vol-0b615dd3ae8169944,,150,2018-08-06T09:59:44+00:00,completed
snap-019d2ac62fcf2ccac,vol-0a7163a362023abb6,,500,2018-08-06T06:30:42+00:00,completed
snap-05878ca65fdaed11e,vol-01bf4351fbc0ea942,,250,2018-08-06T06:19:16+00:00,completed
snap-0dcf98762d0e81fa8,vol-06f973a2d0946145b,,40,2018-08-06T04:11:49+00:00,completed
snap-03860d5dba4862ea3,vol-0c7bf0f4e2f6863bb,,40,2018-08-05T21:35:29+00:00,completed
snap-058c1dbd70d7c0795,vol-0088665649d8db10f,,20,2018-08-05T20:00:36+00:00,completed
snap-08e41a2f4abc5265d,vol-0c6e40578f7933657,,250,2018-08-05T20:00:36+00:00,completed
snap-0cba06fabd471271e,vol-0b615dd3ae8169944,,150,2018-08-05T09:59:45+00:00,completed
snap-080aff1a18eedd0e2,vol-0a7163a362023abb6,,500,2018-08-05T06:30:43+00:00,completed
snap-06058461c31080106,vol-01bf4351fbc0ea942,,250,2018-08-05T06:19:16+00:00,completed
snap-00e70a023dd9b276d,vol-06f973a2d0946145b,,40,2018-08-05T04:11:49+00:00,completed
snap-08d7325b87b6de7f7,vol-0c7bf0f4e2f6863bb,,40,2018-08-04T21:35:28+00:00,completed
snap-04a39e7ddb434add4,vol-0c6e40578f7933657,,250,2018-08-04T20:00:36+00:00,completed
snap-06a597ccf045f37f4,vol-0088665649d8db10f,,20,2018-08-04T20:00:36+00:00,completed
snap-0b7cf7686edc2f9f8,vol-0b615dd3ae8169944,,150,2018-08-04T09:59:45+00:00,completed
snap-09b277baa135d49e5,vol-01bf4351fbc0ea942,,250,2018-08-04T06:19:16+00:00,completed
snap-017678431b9c690ce,vol-0a7163a362023abb6,,500,2018-08-04T06:30:42+00:00,completed
snap-00ce4557ff8de677c,vol-06f973a2d0946145b,,40,2018-08-04T04:11:49+00:00,completed
snap-0984fe11f2db6d650,vol-0c7bf0f4e2f6863bb,,40,2018-08-03T21:35:28+00:00,completed
snap-0ae85841f114d0429,vol-0088665649d8db10f,,20,2018-08-03T20:00:36+00:00,completed
snap-076ac8ec868bfa721,vol-0c6e40578f7933657,,250,2018-08-03T20:00:36+00:00,completed
snap-07e4b773403b6a94b,vol-0b615dd3ae8169944,,150,2018-08-03T09:59:45+00:00,completed
snap-0e15e852a7ddf86eb,vol-0a7163a362023abb6,,500,2018-08-03T06:30:42+00:00,completed
snap-0cb32ee4e0417e5c7,vol-01bf4351fbc0ea942,,250,2018-08-03T06:19:16+00:00,completed
snap-029d114c8e7963a9e,vol-06f973a2d0946145b,,40,2018-08-03T04:11:49+00:00,completed
snap-01096dfe8a9a0a846,vol-0c7bf0f4e2f6863bb,,40,2018-08-02T21:35:29+00:00,completed
snap-072936c6ff451120c,vol-0088665649d8db10f,,20,2018-08-02T20:00:37+00:00,completed
snap-079670aed75e00198,vol-0c6e40578f7933657,,250,2018-08-02T20:00:37+00:00,completed
snap-0b18dc75257d26cae,vol-0b615dd3ae8169944,,150,2018-08-02T09:59:45+00:00,completed
snap-07bea33f2d1f96b0f,vol-0a7163a362023abb6,,500,2018-08-02T06:30:42+00:00,completed
snap-0c881dacf32a61c1b,vol-01bf4351fbc0ea942,,250,2018-08-02T06:19:16+00:00,completed
snap-03a5f19816d36519e,vol-06f973a2d0946145b,,40,2018-08-02T04:11:48+00:00,completed
snap-0d918556fa2bca955,vol-0c7bf0f4e2f6863bb,,40,2018-08-01T21:35:28+00:00,completed
snap-0b853e89f29e7b8b9,vol-0c6e40578f7933657,,250,2018-08-01T20:00:37+00:00,completed
snap-027683aaa92675593,vol-0088665649d8db10f,,20,2018-08-01T20:00:37+00:00,completed
snap-04110c87e6e384e48,vol-096fe4923ee509e29,,50,2018-08-01T15:05:46+00:00,completed
snap-0db833af4f475f6f7,vol-0b615dd3ae8169944,,150,2018-08-01T09:59:44+00:00,completed
snap-00850dd82e004491d,vol-0a7163a362023abb6,,500,2018-08-01T06:30:42+00:00,completed
snap-0d8950bc3167ef300,vol-06f973a2d0946145b,,40,2018-08-01T04:11:48+00:00,completed
snap-0273d36fbee0b8ad5,vol-0c7bf0f4e2f6863bb,,40,2018-07-31T21:35:29+00:00,completed
snap-0206bea2344195234,vol-0c6e40578f7933657,,250,2018-07-31T20:00:37+00:00,completed
snap-01f92074f0a6d9a88,vol-0088665649d8db10f,,20,2018-07-31T20:00:37+00:00,completed
snap-070dee0e5a6f2ae7a,vol-096fe4923ee509e29,,50,2018-07-31T15:05:47+00:00,completed
snap-02831fc7b21d8a691,vol-0b615dd3ae8169944,,150,2018-07-31T09:59:44+00:00,completed
snap-0f4c4d3b6f747f8ca,vol-0a7163a362023abb6,,500,2018-07-31T06:30:42+00:00,completed
snap-01ae68d4b17d8454b,vol-06f973a2d0946145b,,40,2018-07-31T04:11:49+00:00,completed
snap-06168cfc5ecc798be,vol-0c7bf0f4e2f6863bb,,40,2018-07-30T21:35:28+00:00,completed
snap-01ba3c92a83c6c7b3,vol-0c6e40578f7933657,,250,2018-07-30T20:00:37+00:00,completed
snap-0b586897295789f24,vol-0088665649d8db10f,,20,2018-07-30T20:00:37+00:00,completed
snap-0a1e1e7835e81e745,vol-096fe4923ee509e29,,50,2018-07-30T15:05:47+00:00,completed
snap-0ba6c3e307af8e2b8,vol-0b615dd3ae8169944,,150,2018-07-30T09:59:45+00:00,completed
snap-075faf11fe5e12828,vol-0a7163a362023abb6,,500,2018-07-30T06:30:42+00:00,completed
snap-09c124707673bad5a,vol-06f973a2d0946145b,,40,2018-07-30T04:11:48+00:00,completed
snap-015e05920a5f18535,vol-0c7bf0f4e2f6863bb,,40,2018-07-29T21:35:28+00:00,completed
snap-01d12c1de4256e601,vol-0088665649d8db10f,,20,2018-07-29T20:00:37+00:00,completed
snap-0744959ef61281ccd,vol-0c6e40578f7933657,,250,2018-07-29T20:00:36+00:00,completed
snap-082cbc0bd893619df,vol-096fe4923ee509e29,,50,2018-07-29T15:05:46+00:00,completed
snap-0b83c47b04f607a27,vol-0b615dd3ae8169944,,150,2018-07-29T09:59:44+00:00,completed
snap-0b7f9981e036e829f,vol-0a7163a362023abb6,,500,2018-07-29T06:30:42+00:00,completed
snap-0ad966af9cb968a4f,vol-06f973a2d0946145b,,40,2018-07-29T04:11:48+00:00,completed
snap-0ff00637e3c6cd0bd,vol-0c7bf0f4e2f6863bb,,40,2018-07-28T21:35:29+00:00,completed
snap-08d58f291952a440b,vol-0c6e40578f7933657,,250,2018-07-28T20:00:37+00:00,completed
snap-0874b4e8fe8f4d1a7,vol-0088665649d8db10f,,20,2018-07-28T20:00:37+00:00,completed
snap-0c080e59b8e33c549,vol-096fe4923ee509e29,,50,2018-07-28T15:05:47+00:00,completed
snap-03d1bb9459a0be111,vol-0b615dd3ae8169944,,150,2018-07-28T09:59:45+00:00,completed
snap-02f71ee0f91716a73,vol-0a7163a362023abb6,,500,2018-07-28T06:30:42+00:00,completed
snap-05482257220f13203,vol-06f973a2d0946145b,,40,2018-07-28T04:11:49+00:00,completed
snap-0734b597a404d1aab,vol-0c7bf0f4e2f6863bb,,40,2018-07-27T21:35:28+00:00,completed
snap-003c3eaf448d06de1,vol-0088665649d8db10f,,20,2018-07-27T20:00:37+00:00,completed
snap-04fb5f30832c9efd7,vol-0c6e40578f7933657,,250,2018-07-27T20:00:37+00:00,completed
snap-05f07e3d5a803c0ec,vol-096fe4923ee509e29,,50,2018-07-27T15:05:47+00:00,completed
snap-051fd57d5c8cc23ef,vol-0b615dd3ae8169944,,150,2018-07-27T09:59:44+00:00,completed
snap-06f4ba744fa8f22b9,vol-0a7163a362023abb6,,500,2018-07-27T06:30:42+00:00,completed
snap-0c73f0c9ff9e99252,vol-06f973a2d0946145b,,40,2018-07-27T04:11:48+00:00,completed
snap-03c4798a03f40d246,vol-0c7bf0f4e2f6863bb,,40,2018-07-26T21:35:28+00:00,completed
snap-04d0e3f482be4b0dc,vol-0088665649d8db10f,,20,2018-07-26T20:00:36+00:00,completed
snap-08c421f84d247dd06,vol-0c6e40578f7933657,,250,2018-07-26T20:00:36+00:00,completed
snap-0ce1385237952d734,vol-096fe4923ee509e29,,50,2018-07-26T15:05:47+00:00,completed
snap-0201b73fbe1365d52,vol-0b615dd3ae8169944,,150,2018-07-26T09:59:45+00:00,completed
snap-01fd4ad96cc265c1f,vol-0a7163a362023abb6,,500,2018-07-26T06:30:42+00:00,completed
snap-0696506a208237208,vol-06f973a2d0946145b,,40,2018-07-26T04:11:49+00:00,completed
snap-005743da896ad36f6,vol-0c7bf0f4e2f6863bb,,40,2018-07-25T21:35:29+00:00,completed
snap-09700b5abc43b4365,vol-0c6e40578f7933657,,250,2018-07-25T20:00:36+00:00,completed
snap-09487dc2cf5b52df8,vol-0088665649d8db10f,,20,2018-07-25T20:00:36+00:00,completed
snap-08eddd84f22f415e1,vol-096fe4923ee509e29,,50,2018-07-25T15:05:47+00:00,completed
snap-0282629d2d98a1311,vol-0b615dd3ae8169944,,150,2018-07-25T09:59:44+00:00,completed
snap-034e8de04d7c10b43,vol-0a7163a362023abb6,,500,2018-07-25T06:30:43+00:00,completed
snap-0fce55cf93473bd5f,vol-06f973a2d0946145b,,40,2018-07-25T04:11:49+00:00,completed
snap-0589249a280c1bb09,vol-0c7bf0f4e2f6863bb,,40,2018-07-24T21:35:28+00:00,completed
snap-0833b72b6fb87072e,vol-0c6e40578f7933657,,250,2018-07-24T20:00:37+00:00,completed
snap-0fb5560efff5b8612,vol-0088665649d8db10f,,20,2018-07-24T20:00:37+00:00,completed
snap-0ddc1910557c6155c,vol-096fe4923ee509e29,,50,2018-07-24T15:05:47+00:00,completed
snap-0e262aed118b1f6b8,vol-0b615dd3ae8169944,,150,2018-07-24T09:59:44+00:00,completed
snap-07fe665146c64e0bd,vol-0a7163a362023abb6,,500,2018-07-24T06:30:42+00:00,completed
snap-089906defde053403,vol-06f973a2d0946145b,,40,2018-07-24T04:11:48+00:00,completed
snap-094b9cf05e943ac2f,vol-0b615dd3ae8169944,,150,2018-07-24T02:37:36+00:00,completed
snap-03ee77a88ee8797e1,vol-0c7bf0f4e2f6863bb,,40,2018-07-23T21:35:28+00:00,completed
snap-0b3e9c2aca14f29b3,vol-0c6e40578f7933657,,250,2018-07-23T20:00:36+00:00,completed
snap-068e3319b60f2a99a,vol-0088665649d8db10f,,20,2018-07-23T20:00:36+00:00,completed
snap-0591faacedc94cd21,vol-096fe4923ee509e29,,50,2018-07-23T15:05:47+00:00,completed
snap-0fe3eb047b7e85923,vol-0a7163a362023abb6,,500,2018-07-23T06:30:42+00:00,completed
snap-09ae09361b3896649,vol-06f973a2d0946145b,,40,2018-07-23T04:11:48+00:00,completed
snap-0f2a31845ebca3457,vol-0b615dd3ae8169944,,150,2018-07-23T02:37:36+00:00,completed
snap-01c6f57ae3c96828d,vol-0c7bf0f4e2f6863bb,,40,2018-07-22T21:35:28+00:00,completed
snap-019d8e4c393571507,vol-0c6e40578f7933657,,250,2018-07-22T20:00:37+00:00,completed
snap-0d77108f97840687f,vol-0088665649d8db10f,,20,2018-07-22T20:00:37+00:00,completed
snap-03b29c624024af9d5,vol-096fe4923ee509e29,,50,2018-07-22T15:05:47+00:00,completed
snap-018b63b1948f76036,vol-0a7163a362023abb6,,500,2018-07-22T06:30:42+00:00,completed
snap-0f5ebdb62a134c6e2,vol-06f973a2d0946145b,,40,2018-07-22T04:11:48+00:00,completed
snap-070a04044465e673f,vol-0b615dd3ae8169944,,150,2018-07-22T02:37:36+00:00,completed
snap-0a3579c2bc607ef91,vol-0c7bf0f4e2f6863bb,,40,2018-07-21T21:35:28+00:00,completed
snap-05c16df6dc204bdfd,vol-0088665649d8db10f,,20,2018-07-21T20:00:37+00:00,completed
snap-0a398106ba7bea462,vol-0c6e40578f7933657,,250,2018-07-21T20:00:37+00:00,completed
snap-0231a141e7b8ba1cb,vol-096fe4923ee509e29,,50,2018-07-21T15:05:46+00:00,completed
snap-0564221f4b7eadf26,vol-0a7163a362023abb6,,500,2018-07-21T06:30:42+00:00,completed
snap-081d219027c1b9480,vol-06f973a2d0946145b,,40,2018-07-21T04:11:48+00:00,completed
snap-09bc24d778d436aac,vol-0b615dd3ae8169944,,150,2018-07-21T02:37:37+00:00,completed
snap-07c74ac2a2e69024f,vol-0c7bf0f4e2f6863bb,,40,2018-07-20T21:35:28+00:00,completed
snap-0116d2e3acd9f113a,vol-0c6e40578f7933657,,250,2018-07-20T20:00:37+00:00,completed
snap-05494d95a61920783,vol-0088665649d8db10f,,20,2018-07-20T20:00:37+00:00,completed
snap-08a7288a0af6a2fba,vol-096fe4923ee509e29,,50,2018-07-20T15:05:47+00:00,completed
snap-0bf4e07c1742f8d0c,vol-0a7163a362023abb6,,500,2018-07-20T06:30:42+00:00,completed
snap-001c00f94ac455f1f,vol-06f973a2d0946145b,,40,2018-07-20T04:11:48+00:00,completed
snap-006a60536f80f5d50,vol-0b615dd3ae8169944,,150,2018-07-20T02:37:37+00:00,completed
snap-0f2d31383c598d1e4,vol-0c7bf0f4e2f6863bb,,40,2018-07-19T21:35:29+00:00,completed
snap-0f082958ab72da383,vol-0088665649d8db10f,,20,2018-07-19T20:00:36+00:00,completed
snap-04f2655b20e814284,vol-0c6e40578f7933657,,250,2018-07-19T20:00:36+00:00,completed
snap-077be0fa1a0828895,vol-0a7163a362023abb6,,500,2018-07-19T06:30:43+00:00,completed
snap-0c0ca34110bfd19aa,vol-06f973a2d0946145b,,40,2018-07-19T04:11:48+00:00,completed
snap-0d2c7d4e40fd3edb4,vol-0b615dd3ae8169944,,150,2018-07-19T02:37:37+00:00,completed
snap-053c9f164f0f537b6,vol-0c7bf0f4e2f6863bb,,40,2018-07-18T21:35:29+00:00,completed
snap-0f156c673441201f0,vol-0088665649d8db10f,,20,2018-07-18T20:00:37+00:00,completed
snap-0246120dd53100b37,vol-0c6e40578f7933657,,250,2018-07-18T20:00:37+00:00,completed
snap-056e39cae60f35417,vol-0a7163a362023abb6,,500,2018-07-18T06:30:42+00:00,completed
snap-04025360b8e15e1b7,vol-06f973a2d0946145b,,40,2018-07-18T04:11:48+00:00,completed
snap-0946b82107503b6ea,vol-0b615dd3ae8169944,,150,2018-07-18T02:37:36+00:00,completed
snap-0ee7c1707e4b858c2,vol-0c7bf0f4e2f6863bb,,40,2018-07-17T21:35:29+00:00,completed
snap-08154ef404509974f,vol-0c6e40578f7933657,,250,2018-07-17T20:00:37+00:00,completed
snap-0ef4320e7b3988d23,vol-0088665649d8db10f,,20,2018-07-17T20:00:37+00:00,completed
snap-029bb68f14440f5c6,vol-0a7163a362023abb6,,500,2018-07-17T06:30:42+00:00,completed
snap-0927c9cd105cf93d4,vol-06f973a2d0946145b,,40,2018-07-17T04:11:48+00:00,completed
snap-06e0c2635418b8b5e,vol-0b615dd3ae8169944,,150,2018-07-17T02:37:37+00:00,completed
snap-0645350a68478fa10,vol-0c7bf0f4e2f6863bb,,40,2018-07-16T21:35:28+00:00,completed
snap-0ce4e03dbff8034b8,vol-0088665649d8db10f,,20,2018-07-16T20:00:36+00:00,completed
snap-0f62d87c97d1eade6,vol-0c6e40578f7933657,,250,2018-07-16T20:00:36+00:00,completed
snap-085ce9010c85c7ef9,vol-0a7163a362023abb6,,500,2018-07-16T06:30:42+00:00,completed
snap-0bcc0faf725c1ad5c,vol-06f973a2d0946145b,,40,2018-07-16T04:11:48+00:00,completed
snap-023b238a478cc79ec,vol-0b615dd3ae8169944,,150,2018-07-16T02:37:36+00:00,completed
snap-0aef5b63f4cdf2d5f,vol-0c7bf0f4e2f6863bb,,40,2018-07-15T21:35:29+00:00,completed
snap-03ab54eaf8520d2bb,vol-0088665649d8db10f,,20,2018-07-15T20:00:37+00:00,completed
snap-053cb401a5bca2c65,vol-0c6e40578f7933657,,250,2018-07-15T20:00:37+00:00,completed
snap-0cef02d96298bb9f8,vol-0a7163a362023abb6,,500,2018-07-15T06:30:43+00:00,completed
snap-00d69f5b978f5c199,vol-06f973a2d0946145b,,40,2018-07-15T04:11:49+00:00,completed
snap-09985203468d3ac89,vol-0b615dd3ae8169944,,150,2018-07-15T02:37:36+00:00,completed
snap-0f61de9e5b27d4b4a,vol-0c7bf0f4e2f6863bb,,40,2018-07-14T21:35:28+00:00,completed
snap-0ae447a0ddcc53c74,vol-0088665649d8db10f,,20,2018-07-14T20:00:36+00:00,completed
snap-03794b5a78665ad4f,vol-0c6e40578f7933657,,250,2018-07-14T20:00:36+00:00,completed
snap-0011dca6d8e264a75,vol-0a7163a362023abb6,,500,2018-07-14T06:30:42+00:00,completed
snap-002fe83ecbed50781,vol-06f973a2d0946145b,,40,2018-07-14T04:11:49+00:00,completed
snap-0ad4fd4b89fb1cb58,vol-0b615dd3ae8169944,,150,2018-07-14T02:37:37+00:00,completed
snap-043b20d4c46061d6f,vol-0c7bf0f4e2f6863bb,,40,2018-07-13T21:35:29+00:00,completed
snap-07f615fdd33324bbe,vol-0c6e40578f7933657,,250,2018-07-13T20:00:36+00:00,completed
snap-0d038502c424a119d,vol-0088665649d8db10f,,20,2018-07-13T20:00:36+00:00,completed
snap-095c20eb949b2b4e4,vol-03c9fa32a76965697,,8,2018-07-13T17:30:46+00:00,completed
snap-094c287ce1718018e,vol-0a7163a362023abb6,,500,2018-07-13T06:30:42+00:00,completed
snap-0bdbb2d38fc8dec0e,vol-06f973a2d0946145b,,40,2018-07-13T04:11:48+00:00,completed
snap-06daf8c81b7c8dcb6,vol-0b615dd3ae8169944,,150,2018-07-13T02:37:36+00:00,completed
snap-05853128de3b58099,vol-0c7bf0f4e2f6863bb,,40,2018-07-12T21:35:28+00:00,completed
snap-0acd10c904341a590,vol-0088665649d8db10f,,20,2018-07-12T20:00:37+00:00,completed
snap-02a5ef2bce4a56e30,vol-0c6e40578f7933657,,250,2018-07-12T20:00:37+00:00,completed
snap-086273c715dc2bac6,vol-0a7163a362023abb6,,500,2018-07-12T06:30:42+00:00,completed
snap-0830a6462c0719148,vol-06f973a2d0946145b,,40,2018-07-12T04:11:48+00:00,completed
snap-01d384d48d211bd31,vol-0b615dd3ae8169944,,150,2018-07-12T02:37:36+00:00,completed
snap-0af08e282c74a4291,vol-0c7bf0f4e2f6863bb,,40,2018-07-11T21:35:29+00:00,completed
snap-035542187dcf0b67e,vol-0088665649d8db10f,,20,2018-07-11T20:00:36+00:00,completed
snap-09297d45ceaf135c7,vol-0c6e40578f7933657,,250,2018-07-11T20:00:37+00:00,completed
snap-030690aaa1390d0ad,vol-0a7163a362023abb6,,500,2018-07-11T06:30:42+00:00,completed
snap-01fc8604d96907d94,vol-06f973a2d0946145b,,40,2018-07-11T04:11:48+00:00,completed
snap-08491c2018ac088a9,vol-0b615dd3ae8169944,,150,2018-07-11T02:37:37+00:00,completed
snap-05c7da83c90871c9a,vol-0c7bf0f4e2f6863bb,,40,2018-07-10T21:35:28+00:00,completed
snap-0a05e2d6a6b4dc79d,vol-0c6e40578f7933657,,250,2018-07-10T20:00:37+00:00,completed
snap-02f265c48bae9e9db,vol-0088665649d8db10f,,20,2018-07-10T20:00:37+00:00,completed
snap-0a0158afc1c9d1d20,vol-0a7163a362023abb6,,500,2018-07-10T06:30:42+00:00,completed
snap-08425ed46b3cbea7e,vol-06f973a2d0946145b,,40,2018-07-10T04:11:49+00:00,completed
snap-0e0cbdae37e303e78,vol-0b615dd3ae8169944,,150,2018-07-10T02:37:37+00:00,completed
snap-0bc6b7943dbe91e6c,vol-0c7bf0f4e2f6863bb,,40,2018-07-09T21:35:29+00:00,completed
snap-0ab4f354f8aa594d3,vol-0c6e40578f7933657,,250,2018-07-09T20:00:37+00:00,completed
snap-00f74b123126147e2,vol-0088665649d8db10f,,20,2018-07-09T20:00:37+00:00,completed
snap-0fb6d8a805cfaa773,vol-0a7163a362023abb6,,500,2018-07-09T06:30:42+00:00,completed
snap-0c0a831efdc4ec3da,vol-06f973a2d0946145b,,40,2018-07-09T04:11:48+00:00,completed
snap-0e1fa9f0facc5bec7,vol-0b615dd3ae8169944,,150,2018-07-09T02:37:37+00:00,completed
snap-0b18ffa6f4920b786,vol-0c7bf0f4e2f6863bb,,40,2018-07-08T21:35:28+00:00,completed
snap-0fa7ac2a9ca657e1c,vol-0c6e40578f7933657,,250,2018-07-08T20:00:37+00:00,completed
snap-0ad352b0e50cd9591,vol-0088665649d8db10f,,20,2018-07-08T20:00:37+00:00,completed
snap-05c95282fe6adbc41,vol-01bf4351fbc0ea942,,250,2018-07-08T12:17:33+00:00,completed
snap-0989cc02f41a7be87,vol-0a7163a362023abb6,,500,2018-07-08T06:30:42+00:00,completed
snap-01d136733aaf4b51c,vol-06f973a2d0946145b,,40,2018-07-08T04:11:48+00:00,completed
snap-05d242882ca2c9c42,vol-0b615dd3ae8169944,,150,2018-07-08T02:37:36+00:00,completed
snap-0907166518d11b9e7,vol-0c7bf0f4e2f6863bb,,40,2018-07-07T21:35:29+00:00,completed
snap-03e37fc11fd387779,vol-0c6e40578f7933657,,250,2018-07-07T20:00:36+00:00,completed
snap-0cb8b72a6255bd335,vol-0088665649d8db10f,,20,2018-07-07T20:00:36+00:00,completed
snap-02a81e31c209eb3bc,vol-0a7163a362023abb6,,500,2018-07-07T06:30:42+00:00,completed
snap-0cf4301c48c9e95f9,vol-06f973a2d0946145b,,40,2018-07-07T04:11:48+00:00,completed
snap-00d25d6351ebd305b,vol-0b615dd3ae8169944,,150,2018-07-07T02:37:37+00:00,completed
snap-038810c7fa3a99bd1,vol-0c7bf0f4e2f6863bb,,40,2018-07-06T21:35:28+00:00,completed
snap-002b8fec8e53ad502,vol-0c6e40578f7933657,,250,2018-07-06T20:00:36+00:00,completed
snap-0568d6f16c7ec237d,vol-0088665649d8db10f,,20,2018-07-06T20:00:36+00:00,completed
snap-0f657d6102986531c,vol-0a7163a362023abb6,,500,2018-07-06T06:30:43+00:00,completed
snap-0b43b8f7d79b17497,vol-06f973a2d0946145b,,40,2018-07-06T04:11:48+00:00,completed
snap-0a30e349175ab2f4b,vol-0b615dd3ae8169944,,150,2018-07-06T02:37:36+00:00,completed
snap-072da08636e929b40,vol-0c7bf0f4e2f6863bb,,40,2018-07-05T21:35:29+00:00,completed
snap-08921be945a976eae,vol-0088665649d8db10f,,20,2018-07-05T20:00:37+00:00,completed
snap-03d8719dff92342f0,vol-0c6e40578f7933657,,250,2018-07-05T20:00:37+00:00,completed
snap-043976e08e640d23d,vol-0a7163a362023abb6,,500,2018-07-05T06:30:42+00:00,completed
snap-0ab80437b1b978f85,vol-06f973a2d0946145b,,40,2018-07-05T04:11:49+00:00,completed
snap-072a9500e1ba512d4,vol-0b615dd3ae8169944,,150,2018-07-05T02:37:37+00:00,completed
snap-0d733c131d6c13fec,vol-0c7bf0f4e2f6863bb,,40,2018-07-04T21:35:28+00:00,completed
snap-087867dd7175dc5c2,vol-0088665649d8db10f,,20,2018-07-04T20:00:36+00:00,completed
snap-032918116bd22f851,vol-0c6e40578f7933657,,250,2018-07-04T20:00:36+00:00,completed
snap-074bda3e6ac9c0f68,vol-0a7163a362023abb6,,500,2018-07-04T06:30:42+00:00,completed
snap-0debababdf85f6f1b,vol-06f973a2d0946145b,,40,2018-07-04T04:11:48+00:00,completed
snap-07c13bb2fc264d3fe,vol-0b615dd3ae8169944,,150,2018-07-04T02:37:37+00:00,completed
snap-066596b7d5a45a175,vol-0c7bf0f4e2f6863bb,,40,2018-07-03T21:35:29+00:00,completed
snap-0cf32a500725d9ba4,vol-0c6e40578f7933657,,250,2018-07-03T20:00:36+00:00,completed
snap-0d2224a9338a6c2c6,vol-0088665649d8db10f,,20,2018-07-03T20:00:36+00:00,completed
snap-098ad29d3be6662be,vol-0a7163a362023abb6,,500,2018-07-03T06:30:42+00:00,completed
snap-0cc7b9862bd93994f,vol-06f973a2d0946145b,,40,2018-07-03T04:11:48+00:00,completed
snap-0b1c98eb46cc88072,vol-0b615dd3ae8169944,,150,2018-07-03T02:37:36+00:00,completed
snap-0d562eb27f117be9d,vol-0c7bf0f4e2f6863bb,,40,2018-07-02T21:35:28+00:00,completed
snap-06b79d09e29479fab,vol-0088665649d8db10f,,20,2018-07-02T20:00:36+00:00,completed
snap-06f52effc16d46b17,vol-0c6e40578f7933657,,250,2018-07-02T20:00:36+00:00,completed
snap-06b20d2b507cc5643,vol-0a7163a362023abb6,,500,2018-07-02T06:30:42+00:00,completed
snap-0f1a9094e6c68cb75,vol-06f973a2d0946145b,,40,2018-07-02T04:11:49+00:00,completed
snap-0cd4b55a95bb48ded,vol-0b615dd3ae8169944,,150,2018-07-02T02:37:36+00:00,completed
snap-095692e667876c42e,vol-0c7bf0f4e2f6863bb,,40,2018-07-01T21:35:29+00:00,completed
snap-0eea57541af2409c8,vol-0c6e40578f7933657,,250,2018-07-01T20:00:37+00:00,completed
snap-0943688b15425d226,vol-0088665649d8db10f,,20,2018-07-01T20:00:37+00:00,completed
snap-017b55431721390f6,vol-0a7163a362023abb6,,500,2018-07-01T06:30:42+00:00,completed
snap-0accce680430fb177,vol-06f973a2d0946145b,,40,2018-07-01T04:11:48+00:00,completed
snap-0b792c5abf7462a3a,vol-0b615dd3ae8169944,,150,2018-07-01T02:37:36+00:00,completed
snap-0abc7733ade6da2d9,vol-0c7bf0f4e2f6863bb,,40,2018-06-30T21:35:28+00:00,completed
snap-0938f8438222adaf8,vol-0088665649d8db10f,,20,2018-06-30T20:00:36+00:00,completed
snap-0dc40933352966849,vol-0c6e40578f7933657,,250,2018-06-30T20:00:36+00:00,completed
snap-0b8d7435c92cd3393,vol-0a7163a362023abb6,,500,2018-06-30T06:30:42+00:00,completed
snap-0c16d98a44afb2749,vol-06f973a2d0946145b,,40,2018-06-30T04:11:48+00:00,completed
snap-0918cce8ced468802,vol-0b615dd3ae8169944,,150,2018-06-30T02:37:36+00:00,completed
snap-021c6463fe1ed7038,vol-0c7bf0f4e2f6863bb,,40,2018-06-29T21:35:28+00:00,completed
snap-092606e5558b43679,vol-0c6e40578f7933657,,250,2018-06-29T20:00:36+00:00,completed
snap-097d1e073d7284269,vol-0088665649d8db10f,,20,2018-06-29T20:00:36+00:00,completed
snap-074786b07a6c0f74f,vol-0a7163a362023abb6,,500,2018-06-29T06:30:42+00:00,completed
snap-01052686d3f608385,vol-06f973a2d0946145b,,40,2018-06-29T04:11:48+00:00,completed
snap-0d04d09749f6fde11,vol-0b615dd3ae8169944,,150,2018-06-29T02:37:36+00:00,completed
snap-0b3b1cc267277fe76,vol-0c7bf0f4e2f6863bb,,40,2018-06-28T21:35:29+00:00,completed
snap-0e8c8acc4833907df,vol-0c6e40578f7933657,,250,2018-06-28T20:00:36+00:00,completed
snap-09103839141e77e5e,vol-0088665649d8db10f,,20,2018-06-28T20:00:36+00:00,completed
snap-03e5f9d0fd5a55d42,vol-0a7163a362023abb6,,500,2018-06-28T06:30:42+00:00,completed
snap-0838efd396a1de914,vol-06f973a2d0946145b,,40,2018-06-28T04:11:48+00:00,completed
snap-029354d9ff9ac80a6,vol-0b615dd3ae8169944,,150,2018-06-28T02:37:37+00:00,completed
snap-03ebfd5812782edc6,vol-0c7bf0f4e2f6863bb,,40,2018-06-27T21:35:29+00:00,completed
snap-0ca3f25f44b95594e,vol-0c6e40578f7933657,,250,2018-06-27T20:00:37+00:00,completed
snap-05b3ac489e8ef875f,vol-0088665649d8db10f,,20,2018-06-27T20:00:37+00:00,completed
snap-01369e3509d8d8eda,vol-0a7163a362023abb6,,500,2018-06-27T06:30:42+00:00,completed
snap-0a531da5540364aa0,vol-06f973a2d0946145b,,40,2018-06-27T04:11:48+00:00,completed
snap-0280925070aab1d13,vol-0b615dd3ae8169944,,150,2018-06-27T02:37:37+00:00,completed
snap-042ff680109d461db,vol-0c7bf0f4e2f6863bb,,40,2018-06-26T21:35:29+00:00,completed
snap-0ccc6e3266fb969b4,vol-0088665649d8db10f,,20,2018-06-26T20:00:38+00:00,completed
snap-0680e0dec8dbaf8c7,vol-0c6e40578f7933657,,250,2018-06-26T20:00:38+00:00,completed
snap-0bd9401f52321980c,vol-0a7163a362023abb6,,500,2018-06-26T06:30:42+00:00,completed
snap-0d841b5bd22d006af,vol-06f973a2d0946145b,,40,2018-06-26T04:11:48+00:00,completed
snap-007a2081f5b1a73e4,vol-0b615dd3ae8169944,,150,2018-06-26T02:37:36+00:00,completed
snap-0c4897f3370364b7f,vol-0c7bf0f4e2f6863bb,,40,2018-06-25T21:35:29+00:00,completed
snap-047a8cc64e00bb837,vol-0088665649d8db10f,,20,2018-06-25T20:00:37+00:00,completed
snap-0406c5bf11568d2a5,vol-0c6e40578f7933657,,250,2018-06-25T20:00:37+00:00,completed
snap-05f57fe2f505eeecf,vol-0813852db48bf9a87,,16,2019-12-30T15:53:23.041000+00:00,completed
snap-0b711729378144403,vol-07d61104159cafa9e,,40,2019-07-26T11:24:55.073000+00:00,completed
snap-052f99b2e41d2869c,vol-0674061cbf7a8c9f3,,40,2019-05-10T06:52:56.644000+00:00,completed
snap-065ec7d229d7b22bc,vol-0c499c5e13bfa4452,,250,2019-04-09T09:10:48.718000+00:00,completed
snap-00d19c412342b6a10,vol-0e7dc64cb8b022c2f,,50,2019-07-11T10:14:58.703000+00:00,completed
snap-0e231b7cdab54cc89,vol-02ba79090a55d42bc,,70,2020-01-09T19:22:14.909000+00:00,completed
snap-033124bb214ca1cb6,vol-02ba79090a55d42bc,,70,2019-09-11T06:08:22.407000+00:00,completed
snap-08d22a18fb01c2983,vol-03634fb6e647a28c4,,100,2019-07-31T06:32:53.539000+00:00,completed
snap-0505525d763dd05de,vol-043baf1d27c1bb376,,16,2019-12-11T19:13:12.750000+00:00,completed
snap-0eea2577e0b1f70a6,vol-03befe24859cd8bad,,30,2019-02-21T14:49:56.211000+00:00,completed
snap-084740126901f17a6,vol-0f7bb14f5a95fc7eb,,250,2019-07-31T06:33:43.889000+00:00,completed
snap-0237b32e9df160eb1,vol-029cd11390225d520,,50,2019-12-30T15:53:23.181000+00:00,completed
snap-04eb1e0fde3b33e74,vol-0b9e583fc8aef27ce,,100,2019-04-09T09:10:48.603000+00:00,completed
snap-03f1ca8788c4a1cc8,vol-0f13aa25fff266a61,,250,2019-07-11T10:14:58.843000+00:00,completed
snap-0532279618f2598c5,vol-08a26e86aba57fb71,,40,2020-01-09T19:22:15.022000+00:00,completed
snap-0a0d9e28d546f197d,vol-08a26e86aba57fb71,,40,2019-09-11T06:08:22.526000+00:00,completed
snap-093f59fc09aa633f1,vol-08a26e86aba57fb71,,40,2019-09-11T03:21:36.853000+00:00,completed
snap-03e18a4e47252d18e,vol-02ee369e7ee3bd060,,16,2019-12-30T15:57:13.086000+00:00,completed
snap-00d02fbfd590ad223,vol-061160aa1632096f2,,70,2019-05-10T06:52:56.519000+00:00,completed
snap-075be8fde46eb83d3,vol-04ff46c62c6494e99,,20,2019-04-09T09:10:48.473000+00:00,completed
snap-0b0b75b6a90e5921d,vol-07fa7eaa05783dc85,,16,2019-12-20T17:09:04.353000+00:00,completed
